episode,reward,length,sr
0,-6.765068054,20,0.032701023
1,-6.910033226,20,0.074645407
2,-3.461973906,20,0.083785728
3,-4.641936779,20,0.073058791
4,-3.96454668,20,0.173382998
5,5.670139313,20,0.145748362
6,-5.345542431,20,0.088868052
7,-5.781660557,20,0.070694774
8,-3.86975193,20,0.080078654
9,-4.772619724,20,0.06211656
10,-4.495199203,20,0.090487532
11,-5.187672615,20,0.084192321
12,-4.102601051,20,0.080200024
13,-4.955974579,20,0.061173204
14,2.441297054,20,0.145128161
15,-4.438135147,20,0.074911535
16,-0.820245266,20,0.130007118
17,-1.274375796,20,0.197839096
18,-3.42752099,20,0.14443031
19,12.93939686,20,0.237987116
20,-4.367058277,20,0.077795871
21,-3.54350543,20,0.177210644
22,-4.188613892,20,0.077179909
23,-3.355918884,20,0.178915977
24,-5.724173069,20,0.157386392
25,-4.05117321,20,0.138760746
26,-4.840551853,20,0.061498996
27,4.35087204,20,0.218865231
28,-5.041885376,20,0.08551766
29,-5.796272755,20,0.12661846
30,-1.566898584,20,0.165067315
31,7.124227524,20,0.185121939
32,-5.386951923,20,0.045229349
33,-4.119102955,20,0.068057619
34,5.508722305,20,0.216231152
35,-5.726572037,20,0.123529844
36,-4.851264477,20,0.061401606
37,-3.851718903,20,0.174408704
38,-4.154727936,20,0.093582727
39,-3.461462259,20,0.177956492
40,-2.698963642,20,0.085724443
41,-4.976234436,20,0.060265515
42,-0.274616718,20,0.120758809
43,-4.689682961,20,0.062870532
44,0.252342373,20,0.125549346
45,-4.128962994,20,0.082820207
46,-3.75511837,20,0.083358958
47,-4.398157597,20,0.0829513
48,-4.267226219,20,0.084141582
49,-4.439173222,20,0.077140279
50,-4.675218582,20,0.063725531
51,-2.792876244,20,0.068811856
52,-5.895735264,20,0.121991999
53,-7.325845242,20,0.027603049
54,-6.243629456,20,0.118829325
55,-4.000995636,20,0.101091206
56,-4.748306274,20,0.063061096
57,-5.829214096,20,0.070262469
58,-4.092696667,20,0.083149903
59,-3.915691614,20,0.143714651
60,-5.575265884,20,0.080668747
61,-6.465117931,20,0.064481527
62,-4.959593296,20,0.121064648
63,-4.895252228,20,0.134809554
64,-7.456956387,20,0.042469963
65,1.194986343,20,0.12612173
66,-0.277227819,20,0.120735072
67,-5.686288834,20,0.071561791
68,-4.407804012,20,0.075187273
69,-4.750370502,20,0.062318824
70,-4.918926239,20,0.061510004
71,-4.629556179,20,0.075409524
72,-4.601861,20,0.073423117
73,-6.071453571,20,0.124116816
74,-4.358934879,20,0.08330787
75,-3.748295069,20,0.072152108
76,-5.164576054,20,0.119201168
77,-6.229835033,20,0.122676983
78,0.903802633,20,0.174368247
79,-4.410274029,20,0.08284115
80,-7.120065212,20,0.04553261
81,-0.975891232,20,0.101388738
82,-3.695289612,20,0.071910471
83,-4.494321346,20,0.07663893
84,-6.899336815,20,0.103430614
85,-0.84451139,20,0.107580841
86,-2.953948498,20,0.067347564
87,-4.057559967,20,0.129264951
88,-2.694167137,20,0.151097164
89,-5.278662205,20,0.083365142
90,-4.10185957,20,0.138299957
91,-6.155511856,20,0.038242441
92,-6.929359436,20,0.074469715
93,-4.739525318,20,0.088266388
94,-4.840572357,20,0.06149881
95,-4.000002384,20,0.08113274
96,-5.976436615,20,0.068924084
97,-3.998118401,20,0.142965317
98,-2.541490316,20,0.082399555
99,-2.840472221,20,0.183601856
100,-4.658736229,20,0.06387537
101,-4.828475952,20,0.061608776
102,-4.412197113,20,0.077385515
103,-3.290486574,20,0.093021035
104,-0.25528729,20,0.120934531
105,16.45162582,20,0.243761867
106,-5.782919884,20,0.084891893
107,-5.157002926,20,0.132430002
108,-2.832983971,20,0.080473118
109,6.454087257,20,0.196137413
110,-6.628128052,20,0.077208184
111,-4.734948158,20,0.062459029
112,-4.35174942,20,0.083693966
113,-3.920126915,20,0.074622959
114,-3.171808004,20,0.077392898
115,-4.18940115,20,0.082270771
116,7.00454855,20,0.186612263
117,-4.333302021,20,0.078102745
118,-5.992647171,20,0.111673251
119,-4.007542133,20,0.083924033
120,-5.99939537,20,0.111611903
121,-2.034687757,20,0.104437388
122,14.96925735,20,0.345508486
123,2.290431976,20,0.136080325
124,-5.143640518,20,0.076494955
125,1.400519848,20,0.106933638
126,6.207393169,20,0.162658364
127,-4.925797462,20,0.061447542
128,4.357420444,20,0.218924761
129,1.298967719,20,0.134743348
130,3.073257923,20,0.2035283
131,-3.505147219,20,0.091390349
132,-5.431648731,20,0.116773233
133,-5.987339497,20,0.055830117
134,-6.424371719,20,0.064851947
135,1.804739118,20,0.153870612
136,-5.026490688,20,0.085657611
137,-7.22385788,20,0.028530207
138,4.554469109,20,0.250828594
139,-3.891356945,20,0.095977008
140,-6.145530701,20,0.11972113
141,-5.066362381,20,0.085295141
142,5.340436459,20,0.21470128
143,-4.555370331,20,0.064091556
144,-3.238381863,20,0.101913147
145,-5.265714645,20,0.083482847
146,0.967556119,20,0.126292363
147,1.55292511,20,0.180269361
148,-3.844209433,20,0.131204501
149,-6.060032845,20,0.120498382
150,-3.769300461,20,0.141323224
151,3.029809952,20,0.150799051
152,1.913022041,20,0.196702957
153,6.573742867,20,0.170021772
154,-4.458014965,20,0.082407139
155,-6.616044998,20,0.077318028
156,1.357700586,20,0.122603208
157,-5.69931078,20,0.157612413
158,-5.939366817,20,0.069261082
159,-4.478703022,20,0.082539842
160,-4.460992336,20,0.082700849
161,-4.205900669,20,0.079260938
162,-4.466689587,20,0.082328282
163,6.760704517,20,0.227612808
164,-5.841551781,20,0.070150308
165,4.030354977,20,0.174103484
166,0.514266431,20,0.098876789
167,-8.153441429,20,0.0633417
168,-0.772240639,20,0.168569222
169,-4.19094944,20,0.082256697
170,4.214767456,20,0.217627913
171,-4.769423962,20,0.050843239
172,-1.384237289,20,0.110671349
173,-4.579677582,20,0.081301115
174,-5.495039463,20,0.073300421
175,-2.641235352,20,0.107341751
176,-4.227109432,20,0.079068132
177,0.242111459,20,0.10842853
178,-2.227170467,20,0.095011212
179,-0.581782997,20,0.100938581
180,2.697635651,20,0.23394829
181,-3.111166477,20,0.089213066
182,-6.11267519,20,0.067685552
183,1.171664953,20,0.125909716
184,-4.742882252,20,0.136194736
185,4.989970207,20,0.151590884
186,-4.140762329,20,0.072617181
187,-5.690927982,20,0.114416152
188,-2.211281538,20,0.085401453
189,-7.390239239,20,0.027017647
190,-5.002449512,20,0.077778511
191,-5.748986721,20,0.041938126
192,-6.224954128,20,0.053669985
193,-5.056553841,20,0.059535339
194,-4.028870106,20,0.080870308
195,6.071435452,20,0.149396509
196,0.646244407,20,0.129130274
197,-4.417995453,20,0.065340415
198,15.05215931,20,0.274301708
199,-4.117879391,20,0.08006113
200,-1.076657414,20,0.110568441
201,-1.633372784,20,0.091378674
202,-2.976640701,20,0.110403523
203,-4.744139671,20,0.062375467
204,-5.798036098,20,0.126602426
205,-3.581403255,20,0.133593649
206,2.707850456,20,0.147551373
207,-3.665060759,20,0.072185278
208,3.426567078,20,0.240574941
209,-3.498856544,20,0.099545196
210,-3.084244728,20,0.08945781
211,-4.297922134,20,0.081284218
212,10.37569618,20,0.19982852
213,-1.392917275,20,0.097597592
214,-4.627942562,20,0.080862343
215,5.173709393,20,0.178386703
216,4.857879639,20,0.219752133
217,16.49860764,20,0.325576931
218,-3.074152946,20,0.066254795
219,4.05231905,20,0.160094589
220,15.77780724,20,0.249662131
221,-4.859816074,20,0.07907518
222,-4.562902927,20,0.081453614
223,2.428838491,20,0.145335674
224,-1.002254486,20,0.097116113
225,-4.341430187,20,0.07802885
226,-3.500398159,20,0.074405715
227,10.54971313,20,0.218841031
228,4.817666531,20,0.154057443
229,-2.821330309,20,0.105704524
230,2.294173956,20,0.136114344
231,14.89356518,20,0.266749024
232,-3.495037556,20,0.083485149
233,14.70193768,20,0.265006959
234,26.56368637,20,0.450912386
235,-4.430218697,20,0.0749835
236,-0.558398247,20,0.204347983
237,-0.582411587,20,0.109963566
238,-5.343130112,20,0.082779072
239,-0.190465823,20,0.113526709
240,-0.885846138,20,0.086148493
241,25.64187622,20,0.370571852
242,2.091347694,20,0.150365233
243,0.472575575,20,0.12179254
244,8.050506592,20,0.178690434
245,-4.075883389,20,0.080442913
246,-3.722880125,20,0.071659647
247,-4.560469627,20,0.081475735
248,-5.283165932,20,0.083324201
249,0.495698392,20,0.098707989
250,-4.620294571,20,0.052198961
251,-6.061377048,20,0.068151899
252,-4.140106201,20,0.072623149
253,-5.844954014,20,0.156288385
254,-3.619589567,20,0.146406487
255,2.630573273,20,0.155267283
256,-1.763078213,20,0.101468414
257,-4.766487598,20,0.062895812
258,1.775886059,20,0.121648431
259,6.457130909,20,0.196165085
260,2.889069557,20,0.149519593
261,-2.287978172,20,0.085427716
262,-4.71190691,20,0.06742496
263,6.953342438,20,0.272636533
264,10.19697762,20,0.198927313
265,11.46843529,20,0.283570349
266,-4.025217533,20,0.086341664
267,-2.898066282,20,0.079881459
268,8.862670898,20,0.259881586
269,-2.078396082,20,0.075307131
270,18.93360901,20,0.338275582
271,0.32627517,20,0.108470149
272,1.393207312,20,0.122925997
273,-3.273089647,20,0.085502855
274,-0.12126483,20,0.116393991
275,-5.418572903,20,0.126329839
276,7.026481628,20,0.158078745
277,-3.775776386,20,0.097027741
278,-0.784555376,20,0.16845727
279,-3.112698555,20,0.147292331
280,-2.459218264,20,0.097999707
281,-4.118214607,20,0.082917921
282,1.004794598,20,0.188446343
283,-4.708717346,20,0.063420996
284,-7.179125786,20,0.028936859
285,8.285657883,20,0.185584635
286,20.85427856,20,0.312518895
287,-3.978389025,20,0.095185809
288,-1.031594157,20,0.084823512
289,-5.788015842,20,0.113533534
290,-4.134638786,20,0.082768612
291,-4.443990707,20,0.082534634
292,1.202143908,20,0.190240428
293,-4.459944725,20,0.079811282
294,-4.166828632,20,0.082475975
295,2.046787977,20,0.149960145
296,-3.174688101,20,0.077366717
297,-1.009695888,20,0.096324958
298,2.373803854,20,0.127084047
299,-6.119020462,20,0.110524401
300,2.712595701,20,0.130887479
301,-5.965566635,20,0.083231471
302,2.679733276,20,0.161825106
303,22.95013428,20,0.30283922
304,-3.62351203,20,0.072562993
305,-3.075146198,20,0.066245764
306,-5.100100517,20,0.04783709
307,-4.146500111,20,0.085559867
308,3.870237827,20,0.141411498
309,5.08462429,20,0.17757684
310,11.21995735,20,0.277589202
311,-4.605453014,20,0.063636258
312,-1.492208719,20,0.152586326
313,4.372128963,20,0.162681177
314,-0.27132377,20,0.103037432
315,6.79827261,20,0.168029994
316,-0.26584363,20,0.09178488
317,0.248095095,20,0.12518996
318,18.01712418,20,0.279050261
319,0.920298398,20,0.125862747
320,-0.119858384,20,0.109170854
321,-2.067031622,20,0.112561785
322,-5.272650719,20,0.062327288
323,-3.308951378,20,0.179342955
324,-4.544253349,20,0.096152499
325,-2.219918251,20,0.095077142
326,-3.653618813,20,0.090040609
327,18.54132652,20,0.278817981
328,-5.643761158,20,0.114844941
329,17.47818375,20,0.265120089
330,-1.928065062,20,0.076673776
331,16.66452408,20,0.282848656
332,-2.283504725,20,0.084744878
333,9.953643799,20,0.299912006
334,1.824538708,20,0.195898563
335,-2.166557074,20,0.159615874
336,6.916920662,20,0.272305429
337,-1.222476721,20,0.109242812
338,-1.324082971,20,0.111218207
339,-4.643085957,20,0.064017646
340,-4.571252346,20,0.063947171
341,-0.527595878,20,0.118138224
342,2.917263746,20,0.120722219
343,-2.442964077,20,0.153380826
344,14.60922432,20,0.255745679
345,-3.769746304,20,0.071957096
346,-6.729490757,20,0.076286703
347,5.627023697,20,0.145356402
348,2.69683218,20,0.147451207
349,-1.846052885,20,0.077419341
350,27.92001915,20,0.374174595
351,1.455486774,20,0.136487022
352,6.913609982,20,0.272275329
353,17.46348953,20,0.334348589
354,13.50714397,20,0.238050431
355,-4.673084259,20,0.063021429
356,11.24653625,20,0.207745254
357,-0.211202949,20,0.115576372
358,5.968387127,20,0.263682395
359,24.63092232,20,0.347172797
360,-3.498039961,20,0.088555872
361,22.10723305,20,0.307202369
362,-4.734291553,20,0.080216311
363,-4.469171524,20,0.064875178
364,10.60459709,20,0.227758408
365,3.030230761,20,0.203137144
366,19.01161003,20,0.290329218
367,5.605359554,20,0.173892364
368,22.78782272,20,0.330096573
369,22.88702774,20,0.302265525
370,-4.467712879,20,0.06488844
371,1.956804514,20,0.111990772
372,1.050332785,20,0.188860327
373,-4.789872169,20,0.062683225
374,-1.860547662,20,0.098344147
375,-1.301484346,20,0.093672335
376,3.752118587,20,0.16546315
377,3.412869215,20,0.154281408
378,8.284471512,20,0.241465241
379,0.885550976,20,0.174202323
380,1.97948885,20,0.138351589
381,-3.739283562,20,0.083502911
382,3.361195564,20,0.239980653
383,19.96303558,20,0.296740353
384,7.058954716,20,0.181668714
385,-4.112762451,20,0.068838768
386,39.23063278,20,0.53411603
387,-6.722958088,20,0.033083841
388,-0.992196441,20,0.101240508
389,2.823050737,20,0.119865738
390,13.0170536,20,0.228597328
391,9.729547501,20,0.264040023
392,2.850178242,20,0.120112352
393,11.77915478,20,0.286395073
394,11.78093719,20,0.316523761
395,0.03761135,20,0.094543561
396,5.433159351,20,0.155619875
397,14.84202576,20,0.310517102
398,-0.973585784,20,0.101409696
399,-2.807895184,20,0.084734157
400,-4.638506413,20,0.068092234
401,24.88256454,20,0.320406765
402,-1.706966043,20,0.115835108
403,9.900583267,20,0.26931715
404,20.7537632,20,0.294174582
405,-2.644028664,20,0.091221593
406,11.47167969,20,0.227543324
407,-3.237030745,20,0.136724308
408,-6.760910511,20,0.032738816
409,7.118332386,20,0.230863973
410,3.203413248,20,0.146618336
411,10.37492085,20,0.214673698
412,15.32712269,20,0.254595697
413,-0.443924606,20,0.116320558
414,40.1696701,20,0.48043704
415,8.6941576,20,0.199394032
416,12.77507687,20,0.253600955
417,-0.371523499,20,0.11697875
418,27.85105896,20,0.384544432
419,-4.407025814,20,0.080292366
420,-2.009766102,20,0.119193293
421,-1.775121808,20,0.101358928
422,1.060323238,20,0.140992284
423,11.31532001,20,0.312290877
424,8.531899452,20,0.195059121
425,32.81608963,20,0.415824503
426,4.843276024,20,0.164386019
427,-3.066273451,20,0.181549117
428,12.69615746,20,0.232916012
429,-0.984269977,20,0.097279608
430,-4.169347286,20,0.067600854
431,25.11933708,20,0.394509465
432,-4.94326973,20,0.060565196
433,10.78949547,20,0.192287967
434,16.67454529,20,0.282939762
435,32.25519562,20,0.39873305
436,12.9766922,20,0.228230402
437,19.14364052,20,0.294389337
438,5.605771065,20,0.173896104
439,6.724861622,20,0.227286965
440,15.09929466,20,0.274730206
441,9.383861542,20,0.195568308
442,0.40792352,20,0.124064632
443,5.776900768,20,0.167775497
444,7.078174591,20,0.184703276
445,3.366986513,20,0.240033299
446,-0.21854572,20,0.113271438
447,-4.128092289,20,0.171896219
448,21.0538559,20,0.328862578
449,1.001438141,20,0.184693575
450,20.98920631,20,0.285012603
451,20.60196495,20,0.396714926
452,-1.348039985,20,0.163334683
453,1.536358714,20,0.193278745
454,8.081838608,20,0.282895595
455,12.29007339,20,0.234662488
456,29.59990501,20,0.435241908
457,32.26936722,20,0.398861885
458,20.86634254,20,0.312628567
459,23.27919006,20,0.317133009
460,24.86557579,20,0.320252329
461,-2.942365885,20,0.093607455
462,-4.006001472,20,0.101045698
463,1.922688603,20,0.193068579
464,2.603570223,20,0.155021802
465,-2.92083478,20,0.067648597
466,8.313718796,20,0.198834583
467,1.392641664,20,0.191972226
468,18.93883514,20,0.338323087
469,27.92508888,20,0.371360838
470,8.21574688,20,0.254000455
471,0.584640384,20,0.125671148
472,-0.785579801,20,0.168447956
473,31.53492737,20,0.396941632
474,13.30529022,20,0.287109047
475,4.130397797,20,0.20370093
476,14.35375977,20,0.24574694
477,22.89916229,20,0.345638096
478,0.516337812,20,0.122190379
479,18.56370926,20,0.279021472
480,4.359537125,20,0.133833796
481,7.000916004,20,0.186579242
482,-3.188141108,20,0.086275116
483,24.26941681,20,0.396220654
484,6.229511261,20,0.16285944
485,-3.824924231,20,0.140817553
486,12.34490395,20,0.206428036
487,1.048549414,20,0.140885249
488,8.715072632,20,0.199584171
489,3.397418499,20,0.240309954
490,14.53596497,20,0.242405608
491,29.8163147,20,0.402410388
492,1.434499025,20,0.13597545
493,0.501792133,20,0.135914728
494,3.892716885,20,0.129589975
495,32.80411911,20,0.418575495
496,8.262055397,20,0.185370073
497,38.27256775,20,0.54354924
498,32.81776428,20,0.418699563
499,27.83353043,20,0.384385079
500,35.63302612,20,0.490088463
501,7.008718491,20,0.157917261
502,2.678354263,20,0.130576193
503,39.2109375,20,0.476819307
504,5.812746048,20,0.15834716
505,15.4852457,20,0.306926817
506,18.46850014,20,0.347207308
507,14.64921188,20,0.256109208
508,-3.215102196,20,0.150083646
509,5.590064526,20,0.14502041
510,2.199122667,20,0.229416355
511,-2.305854321,20,0.101972237
512,43.03770065,20,0.496755838
513,34.83314896,20,0.495976835
514,24.8776226,20,0.341418415
515,34.66164398,20,0.490695447
516,28.68177223,20,0.436332971
517,28.91643906,20,0.558519363
518,26.61883926,20,0.588844359
519,27.3928299,20,0.355253249
520,8.10739994,20,0.283127964
521,33.24370193,20,0.425470799
522,30.25351524,20,0.38053596
523,1.139441252,20,0.133293107
524,31.48459816,20,0.40915817
525,-3.755285978,20,0.088795587
526,30.85828018,20,0.386757344
527,14.67664433,20,0.253780276
528,26.89979362,20,0.420133173
529,41.82901001,20,0.511217952
530,7.154338837,20,0.182535842
531,40.16094971,20,0.516627908
532,1.953017354,20,0.111956343
533,29.60493088,20,0.435287595
534,12.92245007,20,0.222980827
535,29.61676216,20,0.435395151
536,-0.24515748,20,0.115267694
537,18.52139473,20,0.278636783
538,18.26166153,20,0.260216743
539,7.388278961,20,0.246478021
540,11.71114922,20,0.221723214
541,25.77803421,20,0.583328068
542,18.04166222,20,0.279273331
543,7.010628223,20,0.181229383
544,35.6580658,20,0.490316093
545,38.35119629,20,0.486111134
546,2.277136803,20,0.135959461
547,11.30854416,20,0.312229276
548,16.48587227,20,0.325461149
549,24.62512589,20,0.347120106
550,-1.004812956,20,0.200289667
551,-0.707213163,20,0.169160381
552,0.459523052,20,0.213601813
553,31.33353233,20,0.502711058
554,22.04969788,20,0.306679308
555,33.75698471,20,0.510792136
556,9.506469727,20,0.19668293
557,13.48095512,20,0.237812355
558,29.54072762,20,0.391486615
559,34.6294136,20,0.420316875
560,2.986512184,20,0.236574441
561,26.57727814,20,0.364866942
562,-2.74303937,20,0.097997829
563,13.47718716,20,0.237778097
564,28.94711685,20,0.442467451
565,4.06641674,20,0.212557018
566,10.68226719,20,0.217467755
567,24.61517334,20,0.347029626
568,14.62847424,20,0.255920678
569,2.068011999,20,0.194389701
570,9.446911812,20,0.196141496
571,-2.996612072,20,0.182182401
572,14.88857079,20,0.310940236
573,30.42981529,20,0.399890006
574,31.86244583,20,0.404916823
575,35.51345444,20,0.558877885
576,14.87013721,20,0.310772657
577,21.18119049,20,0.323909253
578,31.04441452,20,0.59726733
579,-3.063973188,20,0.087403916
580,16.69120598,20,0.283091217
581,19.28004456,20,0.312737018
582,24.52010155,20,0.402221859
583,13.8445158,20,0.249114558
584,30.88873291,20,0.387034178
585,2.921914101,20,0.132790372
586,35.65752411,20,0.430386811
587,14.66337109,20,0.253659606
588,22.93336487,20,0.325981528
589,7.421316147,20,0.243056104
590,1.061057568,20,0.14099896
591,12.35622978,20,0.24368234
592,27.48336411,20,0.387312651
593,-5.558552742,20,0.115619563
594,11.33343887,20,0.213291734
595,25.87211037,20,0.352697402
596,38.45658112,20,0.464863509
597,28.88158417,20,0.368787378
598,27.91952896,20,0.371310294
599,32.15924072,20,0.429820627
600,7.261226177,20,0.275435477
601,14.43729019,20,0.248744488
602,6.776555538,20,0.167832568
603,30.903862,20,0.387171715
604,36.79479218,20,0.55222708
605,7.875404358,20,0.209058478
606,36.89690018,20,0.538624763
607,17.21604347,20,0.32266134
608,28.86382294,20,0.368625909
609,26.23813248,20,0.549032867
610,32.60107422,20,0.525022686
611,13.01025295,20,0.228535503
612,36.13497925,20,0.451434344
613,30.09687233,20,0.544065893
614,17.72417068,20,0.29248181
615,31.3555088,20,0.502511263
616,31.9193573,20,0.591551483
617,33.37184906,20,0.576108813
618,35.70563507,20,0.534925103
619,38.27865601,20,0.543493867
620,27.92261696,20,0.371338367
621,27.29122543,20,0.654681981
622,40.15409851,20,0.516690195
623,30.49722672,20,0.599381924
624,27.61041641,20,0.614628911
625,36.91320038,20,0.538476586
626,29.59511185,20,0.435198337
627,28.7188015,20,0.371340483
628,10.34399319,20,0.273348153
629,26.83369255,20,0.354203135
630,39.56913376,20,0.482974708
631,38.70351028,20,0.529877365
632,21.70651245,20,0.633501887
633,14.42707348,20,0.310467064
634,40.14925003,20,0.521732032
635,13.80567837,20,0.24876149
636,15.08583069,20,0.274607807
637,34.52093124,20,0.445179641
638,30.34699059,20,0.554952085
639,27.94191742,20,0.374373674
640,13.94879341,20,0.221008852
641,40.16257477,20,0.500518382
642,31.8458519,20,0.60125041
643,17.52542305,20,0.27458024
644,16.50909042,20,0.325672239
645,38.54999542,20,0.515178204
646,26.86382294,20,0.338418216
647,17.50131416,20,0.279459089
648,41.81991577,20,0.511300623
649,4.380520821,20,0.171175897
650,24.92475891,20,0.32079035
651,21.27922821,20,0.299675047
652,30.21097374,20,0.612079978
653,26.05782318,20,0.644838154
654,31.04364586,20,0.539181113
655,35.64333725,20,0.490182191
656,42.91581726,20,0.484345436
657,-1.954421759,20,0.102588765
658,34.27961731,20,0.434567422
659,35.68899536,20,0.53507638
660,18.22955704,20,0.259924889
661,27.20466614,20,0.378668129
662,25.77573776,20,0.58334893
663,17.44411278,20,0.276079237
664,40.93287277,20,0.492473245
665,27.42897606,20,0.354858339
666,33.19543839,20,0.408004224
667,22.03840446,20,0.587212205
668,34.49412155,20,0.565906346
669,34.95218658,20,0.547885537
670,10.17606163,20,0.271821499
671,39.46186066,20,0.500777602
672,31.0725174,20,0.46178928
673,23.37738228,20,0.378673524
674,33.87808609,20,0.41824308
675,40.14372635,20,0.516784489
676,38.53265762,20,0.515335798
677,31.77703667,20,0.420235127
678,40.983078,20,0.490069836
679,30.36320114,20,0.597701252
680,22.42266083,20,0.61383146
681,22.39789963,20,0.379206866
682,28.76236725,20,0.556197762
683,21.72578239,20,0.633326709
684,25.30085945,20,0.635624886
685,37.98880005,20,0.455613196
686,35.70002747,20,0.534976065
687,28.92905235,20,0.44230324
688,27.71298409,20,0.578897595
689,7.031925201,20,0.186861143
690,27.90919113,20,0.419871777
691,33.26335526,20,0.425649464
692,33.45991516,20,0.414441526
693,35.64278412,20,0.490177155
694,33.85244751,20,0.423007727
695,24.41049957,20,0.359377533
696,4.871916771,20,0.164646387
697,40.13880539,20,0.500734448
698,22.41290474,20,0.613920152
699,33.93688965,20,0.568112254
700,23.37067604,20,0.378612548
701,36.61681366,20,0.427081764
702,38.54647064,20,0.444624096
703,-1.945325375,20,0.102671459
704,18.15916061,20,0.270587295
705,34.27376175,20,0.434514195
706,30.11254311,20,0.543923438
707,40.75106812,20,0.532319784
708,31.290802,20,0.57505995
709,2.480792761,20,0.18870452
710,24.66601944,20,0.34749186
711,38.36494446,20,0.486236125
712,31.52528191,20,0.396853954
713,27.74772644,20,0.57858175
714,12.91578007,20,0.222920194
715,24.50499535,20,0.402084529
716,18.81418419,20,0.265239686
717,15.70189762,20,0.644816816
718,33.00057983,20,0.58671993
719,27.62116241,20,0.614531219
720,27.54436684,20,0.623327017
721,30.74975014,20,0.551290631
722,27.52901649,20,0.387727678
723,32.21609497,20,0.524800241
724,41.83256912,20,0.511185586
725,24.9140358,20,0.320692867
726,21.27040672,20,0.62802875
727,36.8958168,20,0.538634598
728,22.49648857,20,0.661119163
729,34.65831757,20,0.490665197
730,41.80602646,20,0.486282289
731,21.26426888,20,0.62808454
732,18.16600227,20,0.652528346
733,24.08306503,20,0.602459133
734,30.47153664,20,0.4002693
735,19.93432045,20,0.636452734
736,30.49657059,20,0.599387884
737,38.55286407,20,0.515152097
738,31.05662918,20,0.539063096
739,1.827917576,20,0.192207024
740,30.49770546,20,0.599377573
741,31.40725327,20,0.451672345
742,35.66409302,20,0.49037087
743,33.38814545,20,0.575960696
744,33.29874039,20,0.600068212
745,26.75609207,20,0.64348799
746,27.8392601,20,0.637673974
747,29.27742386,20,0.615569055
748,41.79944229,20,0.486222446
749,24.07752991,20,0.602509439
750,14.51450729,20,0.655611277
751,23.18593788,20,0.610614836
752,40.12418365,20,0.521959901
753,25.55280495,20,0.641752899
754,27.80517006,20,0.568621814
755,36.81576538,20,0.552036405
756,34.49263763,20,0.444922417
757,35.16955948,20,0.442978591
758,41.83197021,20,0.51119101
759,36.129776,20,0.451387048
760,30.49829483,20,0.599372208
761,26.06165314,20,0.644803345
762,18.57647324,20,0.661956787
763,25.79905319,20,0.583136976
764,32.14256287,20,0.538628697
765,-0.980118871,20,0.106348045
766,42.89784622,20,0.500777721
767,35.51215363,20,0.558889687
768,34.18939972,20,0.580668926
769,38.52955627,20,0.444470346
770,40.9902916,20,0.490135401
771,29.76948166,20,0.516929686
772,25.31183434,20,0.635525107
773,25.32789803,20,0.629268169
774,33.62877655,20,0.559916556
775,31.04232216,20,0.597286344
776,28.88636398,20,0.628878355
777,31.50332069,20,0.409328371
778,31.30504036,20,0.533082545
779,27.73205757,20,0.578724205
780,31.65536308,20,0.586275101
781,17.93696022,20,0.624498069
782,33.30614853,20,0.600000858
783,22.19460678,20,0.657752633
784,16.37465286,20,0.271795034
785,31.05898857,20,0.597134829
786,26.86937332,20,0.621365666
787,42.89687347,20,0.484173208
788,35.65658951,20,0.562574387
789,33.03012848,20,0.586451292
790,24.07511139,20,0.602531433
791,19.24719238,20,0.646421611
792,33.94625854,20,0.568027079
793,34.33230209,20,0.547409952
794,25.48950958,20,0.64200753
795,27.16524696,20,0.627094328
796,28.58990479,20,0.557765603
797,25.49151611,20,0.641989291
798,31.84621239,20,0.601247132
799,32.12086105,20,0.594717383
800,34.76314545,20,0.433524996
801,27.84665871,20,0.60637033
802,16.49502373,20,0.244156405
803,34.48194504,20,0.566017032
804,22.01339149,20,0.587439597
805,19.87373161,20,0.650163531
806,35.77148819,20,0.440453559
807,26.87539864,20,0.62131089
808,31.92108727,20,0.591535747
809,35.48988724,20,0.551415801
810,30.87165642,20,0.595978022
811,37.00583649,20,0.54021275
812,27.92176437,20,0.37419045
813,25.80235672,20,0.65215832
814,31.91693878,20,0.591573477
815,17.50072098,20,0.66229862
816,33.25582886,20,0.425581038
817,35.69081497,20,0.53505981
818,26.74733543,20,0.636331677
819,28.92988968,20,0.44231084
820,39.92610931,20,0.510765731
821,43.03705978,20,0.496749997
822,21.62158585,20,0.621113956
823,27.70171928,20,0.578999996
824,24.73172569,20,0.592839956
825,22.49086189,20,0.661170304
826,38.70108414,20,0.529899418
827,29.43628693,20,0.606127739
828,32.68607712,20,0.576904953
829,34.90219498,20,0.483444542
830,18.78809929,20,0.616760433
831,33.03916931,20,0.586369097
832,19.92548943,20,0.636533022
833,27.3614769,20,0.642740965
834,31.91527176,20,0.591588616
835,23.06423759,20,0.664055467
836,31.4088459,20,0.588195384
837,35.48169708,20,0.580223143
838,42.90232086,20,0.48422274
839,38.71564102,20,0.534764826
840,24.28580475,20,0.610053778
841,31.10961723,20,0.608666956
842,29.79088211,20,0.516735137
843,30.79998207,20,0.585632861
844,29.48986816,20,0.622668445
845,32.67808151,20,0.57697767
846,33.82979584,20,0.422801822
847,27.6264267,20,0.614483356
848,27.82061577,20,0.568481386
849,29.67477798,20,0.60685873
850,31.8482914,20,0.601228237
851,31.86139488,20,0.404907256
852,22.42488289,20,0.613811255
853,28.77152061,20,0.556114554
854,22.19133377,20,0.657782376
855,27.82046509,20,0.568482757
856,16.2299633,20,0.670128703
857,33.05417252,20,0.586232722
858,30.90147018,20,0.621861577
859,26.25535583,20,0.548876286
860,31.28079033,20,0.575150967
861,25.52228355,20,0.589375317
862,42.81781769,20,0.513531148
863,31.65522575,20,0.586276352
864,39.41643143,20,0.544452846
865,31.09017563,20,0.608120203
866,33.13707733,20,0.467398018
867,31.8597126,20,0.601124406
868,25.29295158,20,0.629585862
869,37.89344788,20,0.546272278
870,27.85603905,20,0.384589702
871,29.48019028,20,0.622756422
872,39.24960709,20,0.533943534
873,18.96794701,20,0.289932281
874,32.52822495,20,0.525684953
875,32.95070267,20,0.574178517
876,28.53703308,20,0.620061696
877,28.74796677,20,0.371605635
878,31.86696625,20,0.383901328
879,30.36149025,20,0.597716808
880,26.86094856,20,0.621442258
881,36.79782104,20,0.552199543
882,35.72262192,20,0.534770668
883,34.35601807,20,0.569400012
884,39.29228973,20,0.463430136
885,29.48653793,20,0.622698724
886,27.71826172,20,0.578849614
887,33.38366699,20,0.576001406
888,18.74533272,20,0.617149234
889,29.27160835,20,0.615621924
890,21.13537407,20,0.638694048
891,31.04048729,20,0.539209843
892,31.95345879,20,0.596239209
893,30.1867485,20,0.612300217
894,24.46532249,20,0.401723862
895,21.2604866,20,0.628118932
896,31.10345459,20,0.608722985
897,30.71390533,20,0.458529174
898,23.17562294,20,0.610708594
899,25.80463219,20,0.652137637
900,31.92346764,20,0.591514111
901,21.24960899,20,0.628217816
902,31.96911812,20,0.527045488
903,29.60656929,20,0.435302496
904,24.30817413,20,0.609850407
905,24.60766792,20,0.65802139
906,29.19383812,20,0.626083136
907,39.76559448,20,0.471765876
908,34.73608398,20,0.436138809
909,34.74308014,20,0.505549908
910,26.29323769,20,0.591804385
911,35.50967026,20,0.558912277
912,24.27953529,20,0.61011076
913,29.26309204,20,0.615699351
914,30.79380608,20,0.585689008
915,16.97431183,20,0.663361907
916,39.73542404,20,0.471491605
917,28.7729435,20,0.55610162
918,28.52690315,20,0.620153785
919,19.94888306,20,0.296611696
920,27.34351921,20,0.642904222
921,35.82530975,20,0.505149186
922,30.48916817,20,0.599455178
923,33.03465271,20,0.586410165
924,23.17587852,20,0.61070627
925,31.84470558,20,0.601260841
926,27.85320282,20,0.606310844
927,35.49857712,20,0.559013128
928,24.5171833,20,0.402195334
929,30.74232864,20,0.551358104
930,21.25638199,20,0.628156245
931,38.55750656,20,0.515109897
932,40.4475174,20,0.49063924
933,40.16529465,20,0.500493646
934,28.7327137,20,0.470630825
935,42.91381073,20,0.484327197
936,40.92564392,20,0.49240756
937,28.8898716,20,0.628846467
938,28.70909882,20,0.436581403
939,41.61640549,20,0.508394241
940,19.94784737,20,0.296602279
941,36.11539459,20,0.451256305
942,36.81663132,20,0.552028537
943,31.83489609,20,0.601350009
944,25.80728149,20,0.656870008
945,34.96621704,20,0.547757983
946,24.92469978,20,0.560973167
947,24.29397964,20,0.609979451
948,42.85484314,20,0.501168668
949,28.50681305,20,0.382408172
950,25.49986267,20,0.641913414
951,25.54410362,20,0.398370981
952,41.83054352,20,0.486505181
953,34.76961136,20,0.436443597
954,37.49391174,20,0.458350152
955,38.9597702,20,0.519550622
956,31.04382324,20,0.597272694
957,39.23621368,20,0.534065306
958,26.79877663,20,0.35388571
959,16.15041161,20,0.257082403
960,31.3028717,20,0.422035456
961,37.01265335,20,0.540150762
962,26.63861465,20,0.579226851
963,18.17016029,20,0.652490556
964,39.47128296,20,0.50069195
965,26.73984528,20,0.64766866
966,21.7172966,20,0.633403838
967,27.04056358,20,0.613698483
968,38.82056427,20,0.45841822
969,36.33332062,20,0.561178744
970,22.44599915,20,0.379644126
971,35.03523254,20,0.572256029
972,40.12026215,20,0.521995544
973,38.27196503,20,0.543554723
974,33.17443085,20,0.467737585
975,39.38915634,20,0.544700801
976,33.03245163,20,0.586430192
977,22.4088974,20,0.613956571
978,39.76657867,20,0.471774817
979,30.21149826,20,0.61207521
980,31.10791206,20,0.608682454
981,30.3819046,20,0.615282536
982,24.28209305,20,0.610087514
983,24.93496704,20,0.560879827
984,23.10428047,20,0.341391891
985,28.38869858,20,0.633402586
986,27.87607956,20,0.606102884
987,32.22558975,20,0.398463935
988,33.94322205,20,0.568054676
989,23.72370148,20,0.602003813
990,38.31916809,20,0.485819966
991,32.43466568,20,0.474172443
992,27.79715729,20,0.568694651
993,26.10626602,20,0.63929975
994,26.72073174,20,0.647842407
995,36.85346222,20,0.551693738
996,26.26597214,20,0.548779786
997,42.90074539,20,0.484208405
998,36.35815048,20,0.461881608
999,38.27180481,20,0.543556154
1000,26.24986267,20,0.548926234
1001,18.50444221,20,0.29957518
1002,30.90410614,20,0.621837616
1003,30.49914742,20,0.59936446
1004,34.74446487,20,0.436215013
1005,40.15157318,20,0.500618398
1006,40.36723328,20,0.461176485
1007,33.99141693,20,0.446476787
1008,17.83182526,20,0.659288585
1009,24.07884789,20,0.602497458
1010,40.92339325,20,0.492387086
1011,33.17934036,20,0.467782229
1012,43.82040787,20,0.504416704
1013,8.117700577,20,0.194153517
1014,27.85020065,20,0.606338143
1015,37.88761139,20,0.546325326
1016,32.8425293,20,0.578060985
1017,32.54677963,20,0.606904209
1018,39.23142624,20,0.534108818
1019,29.78049088,20,0.51682961
1020,34.77759171,20,0.433656335
1021,6.598772049,20,0.191341817
1022,31.06251335,20,0.599340975
1023,37.31575775,20,0.542493284
1024,31.82627296,20,0.383531392
1025,25.78680038,20,0.583248377
1026,32.43263245,20,0.474153966
1027,36.34306717,20,0.461744517
1028,40.71754456,20,0.532624543
1029,42.8543663,20,0.501173019
1030,38.29062271,20,0.485560477
1031,28.26217079,20,0.466353148
1032,38.69761658,20,0.529930949
1033,34.14131927,20,0.563354731
1034,43.04132462,20,0.49678877
1035,25.98884583,20,0.342489749
1036,40.10231781,20,0.522158682
1037,26.25382233,20,0.548890233
1038,29.78270721,20,0.516809464
1039,39.76446152,20,0.471755594
1040,32.25775909,20,0.398756355
1041,40.13427353,20,0.521868169
1042,40.98919678,20,0.490125448
1043,39.2028923,20,0.476746172
1044,38.27962875,20,0.543485045
1045,38.97925568,20,0.548427165
1046,36.66317368,20,0.450797975
1047,30.71754837,20,0.458562285
1048,24.27366829,20,0.610164106
1049,34.15172958,20,0.563260078
1050,29.4451313,20,0.606047332
1051,33.96567917,20,0.446242779
1052,35.49058914,20,0.559085727
1053,34.6582756,20,0.49066481
1054,31.32715225,20,0.502769053
1055,15.31896019,20,0.254521489
1056,37.4621582,20,0.533165276
1057,40.17667007,20,0.500390232
1058,38.93703079,20,0.51975733
1059,30.48526764,20,0.599490643
1060,38.96631241,20,0.519491136
1061,13.29968452,20,0.666655123
1062,33.00381851,20,0.586690485
1063,44.41373062,20,0.499022841
1064,30.11951256,20,0.543860078
1065,19.92933655,20,0.636498034
1066,31.91449165,20,0.591595709
1067,31.03913689,20,0.597315311
1068,32.95332336,20,0.475165248
1069,40.20331955,20,0.480742931
1070,16.28089142,20,0.265504509
1071,32.67566681,20,0.576999605
1072,38.44960403,20,0.46480006
1073,34.84933472,20,0.49612397
1074,36.88856506,20,0.538700521
1075,36.95478821,20,0.441456646
1076,35.03509521,20,0.57225728
1077,14.8612299,20,0.310691684
1078,34.86903763,20,0.496303111
1079,33.76115417,20,0.510754228
1080,37.44962311,20,0.53327924
1081,35.7772522,20,0.462711632
1082,33.26618195,20,0.425675154
1083,38.55988312,20,0.444746017
1084,40.16527557,20,0.500493824
1085,29.76891899,20,0.516934812
1086,39.39271545,20,0.544668436
1087,37.92399979,20,0.467698187
1088,27.85772133,20,0.606269777
1089,31.29059792,20,0.575061798
1090,38.9761467,20,0.52516067
1091,31.27450752,20,0.575208068
1092,20.98361397,20,0.596801221
1093,30.48847389,20,0.599461496
1094,32.67215347,20,0.577031553
1095,41.80303192,20,0.48625508
1096,36.16548538,20,0.451711684
1097,24.08773232,20,0.602416694
1098,22.44177246,20,0.613657713
1099,38.99508286,20,0.524988532
1100,31.06986618,20,0.538942754
1101,35.51098251,20,0.558900356
1102,31.54880714,20,0.496231675
1103,35.48607254,20,0.580183387
1104,38.82960129,20,0.458500385
1105,36.66812134,20,0.450842947
1106,32.17095947,20,0.42992717
1107,38.44965363,20,0.464800537
1108,36.53195953,20,0.570675313
1109,39.24372101,20,0.533997059
1110,27.92687798,20,0.622748733
1111,20.66588974,20,0.363461316
1112,29.26351738,20,0.615695477
1113,33.18830109,20,0.58976984
1114,37.01272583,20,0.540150106
1115,34.49340057,20,0.565912902
1116,29.97681046,20,0.378020465
1117,20.75194359,20,0.294158041
1118,32.95374298,20,0.57415086
1119,21.60493851,20,0.621265292
1120,38.52943039,20,0.444469184
1121,42.87198257,20,0.501012862
1122,27.53703117,20,0.387800545
1123,43.05115891,20,0.496878177
1124,31.05558014,20,0.597165823
1125,25.7892704,20,0.583225906
1126,35.66416931,20,0.490371585
1127,34.49445724,20,0.565903306
1128,27.92219543,20,0.62279129
1129,34.48339462,20,0.566003859
1130,18.93538284,20,0.277643859
1131,30.88728142,20,0.621990561
1132,34.96998978,20,0.547723711
1133,35.51475906,20,0.558866024
1134,39.59764481,20,0.483233929
1135,33.46615601,20,0.41449827
1136,31.05962753,20,0.461672097
1137,38.83203888,20,0.458522558
1138,38.99009705,20,0.525033832
1139,30.19349098,20,0.585035503
1140,38.99701691,20,0.524970949
1141,30.20985222,20,0.61209017
1142,20.96140099,20,0.308054596
1143,33.02272034,20,0.586518645
1144,35.67641068,20,0.430558532
1145,27.51632881,20,0.387612343
1146,38.32375336,20,0.485861659
1147,40.93060303,20,0.492452621
1148,38.46767044,20,0.4649643
1149,40.1567421,20,0.516666174
1150,35.12888336,20,0.442608804
1151,35.6970787,20,0.535002887
1152,20.17048645,20,0.362679899
1153,36.96937561,20,0.441589236
1154,24.28773117,20,0.610036254
1155,39.45804214,20,0.500812292
1156,36.89439392,20,0.538647532
1157,39.24272537,20,0.534006119
1158,38.43432236,20,0.527226508
1159,31.13632393,20,0.619726539
1160,36.13908386,20,0.451471686
1161,33.26324463,20,0.425648451
1162,35.63981247,20,0.490150154
1163,43.04673767,20,0.496838003
1164,32.97694016,20,0.475379944
1165,36.50180435,20,0.570949435
1166,38.82484436,20,0.458457142
1167,31.92037964,20,0.591542184
1168,36.90628815,20,0.53853941
1169,27.16864967,20,0.627063394
1170,40.91609955,20,0.492320776
1171,16.26088142,20,0.265322596
1172,34.18001175,20,0.58075428
1173,37.79674149,20,0.466862053
1174,28.76337051,20,0.556188643
1175,35.82232285,20,0.463121384
1176,27.61739922,20,0.614565432
1177,40.15524292,20,0.50058502
1178,31.29633522,20,0.575009644
1179,31.92001343,20,0.591545522
1180,29.26617241,20,0.615671337
1181,22.4999218,20,0.370696604
1182,26.25962448,20,0.548837483
1183,37.56370544,20,0.53800106
1184,32.80515289,20,0.418584883
1185,40.44486237,20,0.4906151
1186,39.20357895,20,0.4767524
1187,38.44268036,20,0.527150512
1188,36.82099915,20,0.55198884
1189,29.27050781,20,0.615631938
1190,20.97859192,20,0.596846879
1191,30.49087906,20,0.599439621
1192,32.50554657,20,0.525891125
1193,29.48271179,20,0.606026471
1194,34.85541916,20,0.496179283
1195,31.05101013,20,0.539114177
1196,32.97032166,20,0.475319803
1197,34.94654846,20,0.547936797
1198,35.48126602,20,0.580227077
1199,26.65941238,20,0.579037786
1200,32.22282791,20,0.524739027
1201,35.04201889,20,0.572194338
1202,30.76104736,20,0.551187932
1203,42.87058258,20,0.483934194
1204,10.15449429,20,0.271625429
1205,36.13770676,20,0.451459169
1206,32.83277512,20,0.578149676
1207,36.34152603,20,0.46173048
1208,39.22646332,20,0.534153938
1209,24.00737572,20,0.324476391
1210,38.69143295,20,0.529987156
1211,34.78134155,20,0.433690429
1212,42.8606987,20,0.501115441
1213,27.52250862,20,0.38766852
1214,30.12354469,20,0.543823421
1215,22.03440857,20,0.294514447
1216,33.26327896,20,0.425648779
1217,37.01221466,20,0.540154755
1218,22.42664719,20,0.613795221
1219,26.63757324,20,0.579236329
1220,38.9961586,20,0.524978757
1221,30.1307106,20,0.543758273
1222,38.94795609,20,0.519658029
1223,36.24332809,20,0.550004482
1224,31.08754539,20,0.608144104
1225,28.68039131,20,0.436320424
1226,27.17000008,20,0.627051115
1227,33.93255615,20,0.568151653
1228,30.48031044,20,0.45268333
1229,27.81052589,20,0.568573117
1230,37.01938629,20,0.540089548
1231,33.27795029,20,0.600257218
1232,30.69622231,20,0.458368421
1233,35.56970978,20,0.550690114
1234,28.75245285,20,0.556287885
1235,30.73543167,20,0.551420808
1236,33.03473282,20,0.58640945
1237,43.04053497,20,0.496781617
1238,40.16778183,20,0.5165658
1239,35.46974564,20,0.580331802
1240,43.04559326,20,0.496827573
1241,25.52773857,20,0.589325726
1242,30.48091316,20,0.59953022
1243,33.37656403,20,0.576065958
1244,33.92329025,20,0.568235874
1245,33.30762482,20,0.599987447
1246,36.35362625,20,0.461840481
1247,38.97296524,20,0.525189579
1248,20.97807312,20,0.596851587
1249,28.53753281,20,0.620057166
1250,34.49101257,20,0.565934598
1251,24.06605721,20,0.602613747
1252,35.50678635,20,0.558938503
1253,26.79746819,20,0.353873819
1254,24.92723656,20,0.5609501
1255,28.77127647,20,0.55611676
1256,25.98057747,20,0.342414588
1257,30.49144936,20,0.599434435
1258,33.99032974,20,0.446466893
1259,28.77466774,20,0.556085944
1260,31.10286522,20,0.608728349
1261,37.01260376,20,0.540151238
1262,26.88298607,20,0.419980377
1263,34.28847885,20,0.547808349
1264,34.14038849,20,0.563363194
1265,39.22212601,20,0.476921022
1266,41.8219986,20,0.511281669
1267,33.19760513,20,0.589685261
1268,38.53170776,20,0.515344441
1269,24.2626915,20,0.610263884
1270,41.62898636,20,0.50827986
1271,20.97479439,20,0.59688139
1272,37.89566803,20,0.546252072
1273,31.5030899,20,0.409326285
1274,34.33228302,20,0.547410131
1275,30.48882103,20,0.599458337
1276,40.15497589,20,0.500587463
1277,36.80572128,20,0.552127719
1278,32.27713776,20,0.398932546
1279,40.75931549,20,0.532244802
1280,33.9381218,20,0.568101048
1281,35.65930557,20,0.490327358
1282,22.4345665,20,0.613723218
1283,39.77364349,20,0.471839041
1284,36.50408936,20,0.570928693
1285,40.43490219,20,0.49052456
1286,36.99215317,20,0.540337145
1287,33.48349762,20,0.414655924
1288,33.94129562,20,0.5680722
1289,22.03474617,20,0.587245464
1290,36.98269272,20,0.555275381
1291,35.69158936,20,0.552160442
1292,38.44533539,20,0.527126372
1293,26.62310219,20,0.579367876
1294,40.18734741,20,0.480597734
1295,34.48299026,20,0.444834709
1296,36.50531387,20,0.570917547
1297,25.80039787,20,0.583124757
1298,26.63290405,20,0.579278767
1299,28.86288261,20,0.368617356
1300,42.85646439,20,0.501153946
1301,37.95869446,20,0.468013585
1302,33.2946701,20,0.600105226
1303,34.0138855,20,0.446681023
1304,31.05514717,20,0.539076567
1305,21.71209717,20,0.633451104
1306,35.71006012,20,0.53488487
1307,40.14232635,20,0.500702441
1308,30.20174217,20,0.612163901
1309,35.50637817,20,0.558942199
1310,29.48771858,20,0.622687995
1311,38.95929718,20,0.519554913
1312,40.90611649,20,0.492230028
1313,29.48200607,20,0.622739911
1314,25.81853867,20,0.582959831
1315,38.27697372,20,0.543509185
1316,30.49900246,20,0.599365771
1317,38.98360825,20,0.52509284
1318,31.2901268,20,0.57506609
1319,34.30831146,20,0.547628045
1320,33.76002884,20,0.51076448
1321,29.97997665,20,0.545128584
1322,36.48038101,20,0.571144223
1323,40.1936264,20,0.480654836
1324,21.00744629,20,0.596584558
1325,31.33385277,20,0.502708137
1326,35.48179626,20,0.580222249
1327,30.12309837,20,0.543827474
1328,37.0104332,20,0.540170968
1329,35.04133224,20,0.572200596
1330,34.94408417,20,0.547959208
1331,31.77401352,20,0.420207649
1332,39.75047302,20,0.471628428
1333,26.2638073,20,0.548799455
1334,31.50971603,20,0.409386516
1335,44.40447235,20,0.499107003
1336,26.9675293,20,0.411311209
1337,32.55318451,20,0.525458038
1338,38.45044327,20,0.52707994
1339,24.61557007,20,0.347033232
1340,40.49944687,20,0.52330488
1341,26.54506302,20,0.450743079
1342,38.43127441,20,0.527254224
1343,26.2656498,20,0.548782706
1344,32.50683594,20,0.525879383
1345,30.78786469,20,0.58574301
1346,24.08684158,20,0.6024248
1347,43.03980637,20,0.496774971
1348,38.5447998,20,0.51522541
1349,29.59284019,20,0.435177684
1350,18.74326706,20,0.617168009
1351,40.29519272,20,0.525161743
1352,32.94824982,20,0.574200809
1353,33.77156067,20,0.510659635
1354,34.50893784,20,0.445070595
1355,39.60091019,20,0.483263582
1356,33.77079391,20,0.510666609
1357,39.20201874,20,0.476738214
1358,27.81765366,20,0.568508327
1359,43.0489006,20,0.496857643
1360,35.5474968,20,0.550892055
1361,40.16824722,20,0.500466824
1362,37.87507248,20,0.467574179
1363,29.80724144,20,0.516586423
1364,37.82963562,20,0.467161089
1365,29.82162857,20,0.365307361
1366,36.82506943,20,0.551951826
1367,39.45869827,20,0.500806332
1368,30.78876305,20,0.585734844
1369,34.48485947,20,0.565990567
1370,39.20191193,20,0.476737261
1371,40.14816666,20,0.516744137
1372,32.83256149,20,0.41597423
1373,32.52467728,20,0.525717199
1374,38.83633804,20,0.458561629
1375,29.78199196,20,0.51681596
1376,40.14386368,20,0.516783237
1377,26.90761948,20,0.420204312
1378,30.36514091,20,0.597683609
1379,32.68759155,20,0.576891184
1380,33.94062042,20,0.568078339
1381,29.47504997,20,0.622803152
1382,38.32598495,20,0.485881954
1383,38.43540573,20,0.527216673
1384,31.50391388,20,0.409333766
1385,24.94267082,20,0.560809791
1386,39.27830505,20,0.474571913
1387,39.60295486,20,0.483282179
1388,26.63788795,20,0.579233468
1389,39.26579666,20,0.474458188
1390,37.4641304,20,0.533147335
1391,38.0090065,20,0.455796897
1392,39.2689476,20,0.474486828
1393,24.71454811,20,0.59299612
1394,38.9962616,20,0.524977803
1395,34.22306824,20,0.416622818
1396,37.80720901,20,0.466957241
1397,28.86561394,20,0.368642181
1398,36.35407639,20,0.461844593
1399,34.26180267,20,0.519362867
1400,40.74953842,20,0.532333672
1401,34.14339828,20,0.563335836
1402,22.44360924,20,0.38334465
1403,25.47323036,20,0.33707884
1404,40.92937088,20,0.492441416
1405,43.04899597,20,0.496858507
1406,34.28494263,20,0.43461585
1407,35.03210831,20,0.57228446
1408,27.82605934,20,0.568431914
1409,34.84883881,20,0.496119469
1410,35.02992249,20,0.572304308
1411,32.81435776,20,0.418668568
1412,36.80263519,20,0.552155793
1413,28.26107788,20,0.466343224
1414,41.6618042,20,0.507981539
1415,24.88181496,20,0.341456532
1416,25.791605,20,0.583204687
1417,39.41894913,20,0.544429958
1418,32.81151581,20,0.415782899
1419,34.95975494,20,0.547816753
1420,35.5083313,20,0.558924437
1421,35.82991791,20,0.505107284
1422,38.92424011,20,0.519873619
1423,34.95770264,20,0.54783541
1424,34.31642914,20,0.547554255
1425,38.44569397,20,0.464764535
1426,40.16753006,20,0.50047332
1427,27.8064537,20,0.568610132
1428,40.44246674,20,0.490593344
1429,30.76459503,20,0.551155686
1430,38.98265076,20,0.525101542
1431,38.30629349,20,0.485702932
1432,40.17052841,20,0.516540825
1433,28.53531837,20,0.382667303
1434,34.66179657,20,0.490696818
1435,40.98442078,20,0.490082026
1436,14.60511112,20,0.238277748
1437,41.80328369,20,0.486257374
1438,37.0043335,20,0.5402264
1439,27.85961914,20,0.384622246
1440,40.42004395,20,0.490389496
1441,40.7232666,20,0.532572508
1442,40.91239929,20,0.492287129
1443,39.39154816,20,0.544679046
1444,35.71419907,20,0.53484726
1445,35.67796707,20,0.490497023
1446,36.35971451,20,0.461895853
1447,36.12857819,20,0.45137617
1448,30.67267609,20,0.458154351
1449,40.91501236,20,0.492310882
1450,35.57600021,20,0.550632954
1451,35.68389893,20,0.535122693
1452,30.45062637,20,0.45241347
1453,22.04026031,20,0.587195337
1454,34.15169144,20,0.563260436
1455,28.30028534,20,0.530286014
1456,18.13815117,20,0.340481877
1457,40.19636536,20,0.480679721
1458,27.80698586,20,0.568605304
1459,44.40541077,20,0.49909848
1460,40.16941833,20,0.500456154
1461,33.18308258,20,0.467816263
1462,33.38355255,20,0.576002419
1463,36.33847046,20,0.461702704
1464,40.14870071,20,0.500644505
1465,25.15079498,20,0.394795448
1466,25.10396576,20,0.394369721
1467,31.05497551,20,0.539078116
1468,34.2965889,20,0.547734618
1469,39.42370605,20,0.501124442
1470,38.56232834,20,0.515066087
1471,33.93672562,20,0.568113744
1472,40.75159073,20,0.532315016
1473,34.9499588,20,0.547905803
1474,30.68680191,20,0.458282769
1475,34.48971558,20,0.5659464
1476,32.13230896,20,0.538721919
1477,28.24375343,20,0.466185719
1478,40.74410629,20,0.532383084
1479,38.31658554,20,0.485796481
1480,34.01096725,20,0.446654499
1481,44.3984108,20,0.499162108
1482,41.82714081,20,0.511234939
1483,34.31529999,20,0.547564507
1484,33.83469009,20,0.422846317
1485,40.20213699,20,0.480732203
1486,35.7266922,20,0.534733653
1487,40.73623657,20,0.53245461
1488,24.92315865,20,0.560987175
1489,35.77804184,20,0.566226721
1490,39.19262314,20,0.476652801
1491,39.22040558,20,0.534209013
1492,40.13639832,20,0.521848857
1493,30.79649353,20,0.58566457
1494,30.35341263,20,0.597790241
1495,40.54703903,20,0.505441666
1496,31.34003639,20,0.40816474
1497,33.26608658,20,0.425674289
1498,37.96535492,20,0.468074143
1499,34.84239578,20,0.496060908
1500,36.50432205,20,0.570926547
1501,33.02956009,20,0.586456478
1502,34.15288544,20,0.563249588
1503,40.98707962,20,0.490106225
1504,32.13398361,20,0.429591
1505,38.56666565,20,0.515026629
1506,31.4242115,20,0.451826513
1507,36.98127365,20,0.555288255
1508,39.21598434,20,0.476865172
1509,28.22866249,20,0.466048539
1510,25.77965927,20,0.583313286
1511,34.34733963,20,0.569478929
1512,22.73596954,20,0.386002481
1513,38.44267654,20,0.527150571
1514,35.02976608,20,0.572305739
1515,38.80999756,20,0.458322167
1516,32.27651215,20,0.398926854
1517,40.53038788,20,0.505593061
1518,29.7780838,20,0.516851485
1519,36.80768204,20,0.552109897
1520,30.70247841,20,0.458425283
1521,38.26340866,20,0.543632507
1522,30.75466728,20,0.551245928
1523,35.83510971,20,0.505060077
1524,24.91729736,20,0.561040461
1525,39.60122299,20,0.483266443
1526,34.33237839,20,0.547409236
1527,38.96405792,20,0.51951164
1528,38.81063461,20,0.458327949
1529,30.75488472,20,0.551243961
1530,33.83321381,20,0.422832876
1531,24.93414688,20,0.560887277
1532,36.81801605,20,0.55201596
1533,36.81838226,20,0.552012622
1534,32.16480255,20,0.538426518
1535,31.05204582,20,0.59719795
1536,34.14602661,20,0.563311934
1537,35.49780273,20,0.559020162
1538,22.0373497,20,0.587221801
1539,30.76920319,20,0.551113784
1540,20.16235542,20,0.362605989
1541,32.13008118,20,0.538742185
1542,20.02905846,20,0.305337667
1543,35.04104233,20,0.572203219
1544,38.99907303,20,0.524952233
1545,31.02090836,20,0.539387822
1546,35.03066254,20,0.572297573
1547,41.83519745,20,0.511161685
1548,38.26988983,20,0.543573558
1549,39.46412659,20,0.500756979
1550,33.92760468,20,0.568196654
1551,29.77754021,20,0.516856432
1552,40.51306534,20,0.505750537
1553,36.97460938,20,0.441636831
1554,38.1350174,20,0.478034943
1555,37.47317123,20,0.53306514
1556,36.53458023,20,0.570651472
1557,30.74154854,20,0.551365197
1558,43.07004929,20,0.497049898
1559,30.80042076,20,0.585628867
1560,37.89363098,20,0.546270609
1561,35.0201149,20,0.572393477
1562,32.11676407,20,0.538863242
1563,36.98345184,20,0.555268466
1564,30.75528336,20,0.551240325
1565,34.00697708,20,0.581603825
1566,34.15159225,20,0.56326133
1567,38.98931885,20,0.525040925
1568,35.55921555,20,0.550785542
1569,27.69762802,20,0.579037189
1570,28.75626373,20,0.556253254
1571,36.82229614,20,0.551977038
1572,38.97867203,20,0.525137722
1573,36.82730865,20,0.5519315
1574,41.79551697,20,0.511522412
1575,39.58300781,20,0.483100861
1576,31.03281593,20,0.53927958
1577,37.01666641,20,0.540114284
1578,35.3406601,20,0.431539208
1579,34.15169144,20,0.563260436
1580,40.98325729,20,0.490071476
1581,40.73412704,20,0.532473803
1582,37.8315506,20,0.467178524
1583,24.70593643,20,0.347533971
1584,33.9269371,20,0.568202734
1585,43.04199219,20,0.49679485
1586,28.2402935,20,0.466154277
1587,37.57305908,20,0.537916005
1588,33.85247803,20,0.423008025
1589,38.30845261,20,0.485722542
1590,35.78041458,20,0.462740391
1591,36.4915123,20,0.571043015
1592,35.82102966,20,0.505188107
1593,31.79982376,20,0.383290946
1594,40.16445923,20,0.516596019
1595,32.14364243,20,0.429678828
1596,26.64788628,20,0.57914257
1597,35.72873306,20,0.534715116
1598,24.08457947,20,0.602445364
1599,40.53422928,20,0.505558133
1600,40.99547577,20,0.490182549
1601,30.1174736,20,0.543878615
1602,34.24407959,20,0.416813821
1603,35.61996078,20,0.489969671
1604,38.98710251,20,0.525061071
1605,39.59113312,20,0.483174711
1606,33.2638092,20,0.425653607
1607,33.19169998,20,0.467894584
1608,33.8511467,20,0.422995925
1609,38.42974472,20,0.527268112
1610,34.75000381,20,0.505486965
1611,42.91104507,20,0.484302044
1612,26.94214439,20,0.41108045
1613,35.36111832,20,0.431725204
1614,35.72318649,20,0.534765542
1615,38.54601288,20,0.444619954
1616,33.18581009,20,0.467841029
1617,41.82540894,20,0.511250675
1618,41.80454636,20,0.511440337
1619,25.02929878,20,0.358892053
1620,41.82875061,20,0.511220276
1621,38.4404068,20,0.527171195
1622,41.80646133,20,0.511422932
1623,40.13664246,20,0.500754118
1624,33.63961792,20,0.55981797
1625,31.92979813,20,0.410627127
1626,37.56990433,20,0.537944674
1627,31.84583855,20,0.601250529
1628,41.87891388,20,0.495975614
1629,28.7673378,20,0.556152582
1630,36.83690643,20,0.551844239
1631,30.76077843,20,0.551190376
1632,26.92660522,20,0.410939187
1633,26.64927673,20,0.579129934
1634,38.45677948,20,0.464865297
1635,28.26819229,20,0.466407895
1636,27.84620667,20,0.606374443
1637,40.42637253,20,0.490447044
1638,32.10345459,20,0.538984239
1639,31.05114174,20,0.597206175
1640,24.92946625,20,0.560929835
1641,38.69945908,20,0.5299142
1642,36.79971695,20,0.552182317
1643,38.69113922,20,0.529989839
1644,38.81795502,20,0.458394527
1645,27.91816139,20,0.371297866
1646,34.65042496,20,0.490593463
1647,24.06145859,20,0.42816487
1648,29.79798317,20,0.516670585
1649,38.56161118,20,0.515072584
1650,35.84597397,20,0.504961312
1651,32.44535065,20,0.474269569
1652,40.92483902,20,0.492400229
1653,18.76772308,20,0.616945684
1654,35.61394501,20,0.562962055
1655,40.54434586,20,0.505466163
1656,39.44103622,20,0.500966907
1657,39.57032394,20,0.482985526
1658,32.9548111,20,0.574141145
1659,32.12295151,20,0.538806975
1660,32.14697647,20,0.538588583
1661,37.45055389,20,0.533270776
1662,33.75842667,20,0.510779023
1663,24.92985916,20,0.560926259
1664,32.43639755,20,0.474188179
1665,30.68357849,20,0.458253473
1666,42.88616943,20,0.500883877
1667,28.77855492,20,0.556050599
1668,33.76721573,20,0.510699153
1669,32.48766708,20,0.526053667
1670,36.0302887,20,0.546182275
1671,41.79375458,20,0.511538446
1672,20.77126122,20,0.294333667
1673,36.81847382,20,0.552011788
1674,35.61945343,20,0.562911987
1675,22.87714958,20,0.345437974
1676,40.15409851,20,0.516690195
1677,26.32449532,20,0.418625444
1678,29.93041039,20,0.392450869
1679,34.00743103,20,0.446622372
1680,33.19060135,20,0.589748919
1681,26.95339584,20,0.411182731
1682,37.57149124,20,0.53793025
1683,33.03119659,20,0.586441576
1684,24.06936073,20,0.602583706
1685,44.41693878,20,0.498993665
1686,35.33488083,20,0.431486666
1687,28.68627548,20,0.436373919
1688,39.37847519,20,0.544797897
1689,30.74980927,20,0.551290095
1690,26.32693863,20,0.418647647
1691,44.42524719,20,0.498918146
1692,38.96597672,20,0.525253117
1693,33.94272614,20,0.568059206
1694,22.04843712,20,0.58712101
1695,38.94883347,20,0.519650042
1696,26.32415771,20,0.418622375
1697,43.04187012,20,0.496793747
1698,39.44286728,20,0.500950277
1699,41.81264496,20,0.511366725
1700,38.3151741,20,0.485783666
1701,40.13634491,20,0.521849334
1702,38.42950821,20,0.527270257
1703,38.55794525,20,0.515105903
1704,40.21193314,20,0.480821252
1705,34.73703384,20,0.436147451
1706,40.15569687,20,0.500580907
1707,35.75953674,20,0.4403449
1708,35.80353165,20,0.462950557
1709,34.66305923,20,0.490708321
1710,34.49912643,20,0.565860868
1711,38.69715118,20,0.529935181
1712,20.98842621,20,0.596757472
1713,24.93311882,20,0.560896635
1714,40.10744476,20,0.522112072
1715,29.91294289,20,0.481360167
1716,29.771698,20,0.51690954
1717,32.53927231,20,0.525584519
1718,36.67596436,20,0.450914264
1719,30.77751732,20,0.551038206
1720,24.08503151,20,0.602441251
1721,30.10687828,20,0.543974936
1722,33.82738876,20,0.401723355
1723,39.40881348,20,0.544522107
1724,38.95080185,20,0.519632161
1725,29.79482269,20,0.516699314
1726,26.96714211,20,0.411307693
1727,39.31789398,20,0.463662922
1728,38.97158813,20,0.525202096
1729,38.32234955,20,0.485848874
1730,35.82590485,20,0.505143762
1731,41.31120682,20,0.515201747
1732,41.64899826,20,0.508097947
1733,40.16883087,20,0.500461519
1734,33.73348618,20,0.511005759
1735,40.75252914,20,0.532306492
1736,40.72994995,20,0.532511771
1737,41.81507492,20,0.511344612
1738,38.44533539,20,0.527126372
1739,28.75095177,20,0.556301534
1740,34.0156517,20,0.581524968
1741,40.21182251,20,0.480820239
1742,38.98315048,20,0.525097013
1743,38.27853775,20,0.485450596
1744,36.3555069,20,0.461857587
1745,38.28992844,20,0.543391407
1746,35.78646851,20,0.462795436
1747,40.76395798,20,0.532202601
1748,37.48519135,20,0.447001994
1749,34.01428223,20,0.446684629
1750,34.14336395,20,0.563336134
1751,37.90134048,20,0.546200514
1752,42.83460236,20,0.501352668
1753,26.63101578,20,0.579295933
1754,34.24734879,20,0.519494295
1755,37.8980484,20,0.546230435
1756,33.77192688,20,0.510656297
1757,35.63094711,20,0.5628075
1758,40.14165497,20,0.521801054
1759,36.34227371,20,0.461737305
1760,33.82745743,20,0.422780573
1761,33.97459412,20,0.446323842
1762,39.2093277,20,0.476804674
1763,32.94641495,20,0.574217498
1764,38.98040009,20,0.525121987
1765,38.69326782,20,0.529970467
1766,40.12516785,20,0.52195096
1767,26.2694397,20,0.548748255
1768,40.76913071,20,0.532155573
1769,24.92233849,20,0.560994625
1770,34.75617218,20,0.505430877
1771,38.9453392,20,0.519681811
1772,42.33584595,20,0.501853883
1773,39.41386032,20,0.544476211
1774,28.76366615,20,0.556185961
1775,33.75622559,20,0.51079905
1776,35.83774185,20,0.505036175
1777,30.74411201,20,0.551341891
1778,40.14279175,20,0.521790743
1779,35.57513428,20,0.550640821
1780,40.97515488,20,0.489997804
1781,33.76337051,20,0.510734081
1782,40.55524445,20,0.5053671
1783,39.44615173,20,0.500920415
1784,22.03028107,20,0.587286055
1785,35.58172989,20,0.550580859
1786,38.44412613,20,0.46475026
1787,39.46310043,20,0.500766337
1788,32.27682495,20,0.398929685
1789,34.66968536,20,0.490768552
1790,40.206604,20,0.480772793
1791,38.13295364,20,0.478016198
1792,35.81520462,20,0.505241036
1793,38.6842804,20,0.530052185
1794,42.84971619,20,0.501215279
1795,36.98635101,20,0.555242121
1796,36.46485519,20,0.571285367
1797,36.90664291,20,0.538536191
1798,41.81997299,20,0.511300087
1799,40.46185303,20,0.490769565
1800,36.99774551,20,0.540286303
1801,38.42534637,20,0.527308106
1802,38.69054031,20,0.529995263
1803,35.80654526,20,0.505319774
1804,36.97950363,20,0.555304348
1805,32.50885773,20,0.525861025
1806,35.54781723,20,0.550889134
1807,42.86135483,20,0.501109481
1808,37.85553741,20,0.467396557
1809,39.30232239,20,0.463521361
1810,39.2794838,20,0.474582613
1811,32.14808273,20,0.53857851
1812,38.44319916,20,0.464741856
1813,34.75893402,20,0.505405784
1814,34.67401123,20,0.490807891
1815,20.63505363,20,0.353743255
1816,38.45034409,20,0.464806795
1817,32.95622253,20,0.57412833
1818,33.83828735,20,0.42287901
1819,34.75032425,20,0.43626827
1820,43.04557037,20,0.496827364
1821,39.21924591,20,0.534219563
1822,39.23911285,20,0.534038961
1823,39.3185997,20,0.46366933
1824,36.83870697,20,0.551827848
1825,41.27450943,20,0.498507529
1826,38.54442978,20,0.444605559
1827,36.6615715,20,0.450783402
1828,39.21276855,20,0.476835936
1829,35.65565109,20,0.490294158
1830,30.1204567,20,0.543851495
1831,39.40024185,20,0.54460001
1832,33.18854904,20,0.51968199
1833,33.23790359,20,0.425418079
1834,34.27009201,20,0.519287527
1835,40.16612244,20,0.500486135
1836,36.53417587,20,0.570655167
1837,40.19710159,20,0.480686396
1838,40.98766327,20,0.49011153
1839,40.9185524,20,0.492343068
1840,40.16772079,20,0.500471592
1841,35.57856369,20,0.550609648
1842,34.687603,20,0.490931451
1843,38.56451035,20,0.515046239
1844,33.7509613,20,0.510846913
1845,40.58991241,20,0.474503219
1846,41.82073212,20,0.511293173
1847,38.96838379,20,0.525231242
1848,41.00066757,20,0.490229756
1849,35.48271942,20,0.580213845
1850,33.177845,20,0.467768639
1851,38.27436447,20,0.543532908
1852,39.40647888,20,0.544543326
1853,41.46586609,20,0.48722291
1854,36.33548355,20,0.461675555
1855,35.16382217,20,0.442926437
1856,34.47769165,20,0.566055715
1857,40.54811478,20,0.50543189
1858,33.0488472,20,0.586281121
1859,35.84130859,20,0.50500375
1860,35.70601654,20,0.534921646
1861,39.45843887,20,0.500808716
1862,34.14076996,20,0.581111014
1863,43.05871964,20,0.496946901
1864,40.19413376,20,0.480659425
1865,34.15145493,20,0.563262582
1866,39.41903305,20,0.544429183
1867,35.81702805,20,0.463073254
1868,44.3878479,20,0.499258131
1869,41.82152176,20,0.51128602
1870,37.56187439,20,0.53801769
1871,34.20518875,20,0.416460276
1872,35.81518555,20,0.505241215
1873,27.72501564,20,0.578788221
1874,40.14015961,20,0.521814644
1875,26.26960945,20,0.548746705
1876,40.91317368,20,0.492294192
1877,26.62042809,20,0.579392195
1878,38.69636917,20,0.529942274
1879,37.90979767,20,0.546123624
1880,34.74793243,20,0.436246544
1881,35.60536194,20,0.563040078
1882,39.2550621,20,0.533893943
1883,34.81390381,20,0.495801896
1884,40.98864365,20,0.490120441
1885,38.55847931,20,0.515101075
1886,35.65973282,20,0.490331262
1887,42.82543564,20,0.513461888
1888,38.82038116,20,0.458416581
1889,39.57878113,20,0.483062416
1890,42.86426544,20,0.501083016
1891,39.59875488,20,0.483244002
1892,44.41083527,20,0.499049157
1893,34.65182877,20,0.490606219
1894,38.29584122,20,0.543337643
1895,36.50494766,20,0.570920885
1896,37.44894028,20,0.533285439
1897,40.92647171,20,0.492415071
1898,40.97546768,20,0.490000665
1899,39.58913422,20,0.483156562
1900,34.21679688,20,0.416565806
1901,38.7027626,20,0.52988416
1902,40.13783264,20,0.521835804
1903,38.83620453,20,0.458560407
1904,34.66362381,20,0.490713447
1905,36.6576004,20,0.450747311
1906,27.8214035,20,0.568474233
1907,26.2400856,20,0.549015105
1908,31.36062241,20,0.502464771
1909,34.65518951,20,0.490636766
1910,40.20787048,20,0.480784327
1911,41.31454086,20,0.515171409
1912,31.76450729,20,0.420121223
1913,40.993927,20,0.490168452
1914,28.7668972,20,0.556156576
1915,30.11774826,20,0.543876112
1916,34.76958084,20,0.433583498
1917,41.45985794,20,0.487168282
1918,40.92679977,20,0.492418051
1919,33.28424454,20,0.600199997
1920,33.93149948,20,0.568161249
1921,37.015625,20,0.540123761
1922,36.82411957,20,0.551960468
1923,44.40339279,20,0.499116838
1924,39.58362961,20,0.483106494
1925,30.6648941,20,0.389032245
1926,39.45849609,20,0.500808179
1927,40.16291046,20,0.516610086
1928,37.57073212,20,0.537937164
1929,31.04013252,20,0.539213061
1930,36.90332413,20,0.538566351
1931,35.68270111,20,0.5351336
1932,26.26043701,20,0.548830092
1933,36.14948273,20,0.451566219
1934,40.19449615,20,0.480662733
1935,39.39645767,20,0.544634402
1936,29.78935432,20,0.516749024
1937,43.05290222,20,0.496894032
1938,34.72478485,20,0.505716205
1939,36.90237427,20,0.538574994
1940,41.81254578,20,0.511367619
1941,36.61338425,20,0.453205198
1942,40.29878998,20,0.52512902
1943,33.74382782,20,0.510911763
1944,36.98257828,20,0.555276394
1945,32.49172974,20,0.526016712
1946,33.76377106,20,0.510730445
1947,41.87559128,20,0.495945394
1948,30.7318058,20,0.551453769
1949,35.75677109,20,0.440319777
1950,41.80246735,20,0.511459231
1951,34.75938797,20,0.433490843
1952,37.94407654,20,0.467880696
1953,39.43043518,20,0.501063287
1954,39.77766037,20,0.471875578
1955,35.75952148,20,0.440344781
1956,40.545578,20,0.505454957
1957,28.62913322,20,0.435854435
1958,36.81578064,20,0.552036285
1959,33.79104614,20,0.51048249
1960,28.68873787,20,0.436396301
1961,30.75283813,20,0.551262558
1962,38.4311676,20,0.527255177
1963,40.91899109,20,0.492347062
1964,40.19438171,20,0.48066169
1965,41.81079483,20,0.511383533
1966,40.98117828,20,0.490052551
1967,32.13047791,20,0.538738549
1968,38.55048752,20,0.444660604
1969,33.81763458,20,0.422691256
1970,36.15864182,20,0.451649487
1971,40.73826981,20,0.532436132
1972,19.91040993,20,0.356593311
1973,40.1402626,20,0.500721216
1974,31.42168808,20,0.451803565
1975,35.84763336,20,0.504946232
1976,37.88897705,20,0.546312928
1977,41.05393219,20,0.47944507
1978,24.9358654,20,0.560871661
1979,40.2016449,20,0.480727702
1980,36.82693863,20,0.551934838
1981,33.82327271,20,0.401685923
1982,36.82063293,20,0.551992178
1983,38.70087433,20,0.529901326
1984,31.55226898,20,0.496263146
1985,40.91168213,20,0.492280632
1986,40.18873596,20,0.480610371
1987,40.75082397,20,0.53232199
1988,40.19370651,20,0.480655551
1989,44.4126091,20,0.499033034
1990,39.30665588,20,0.46356076
1991,38.81447601,20,0.458362877
1992,38.53740692,20,0.515292645
1993,42.86901093,20,0.501039863
1994,40.16436005,20,0.516596913
1995,36.62419128,20,0.453303427
1996,37.02052689,20,0.540079176
1997,40.43946457,20,0.490566045
1998,29.77472115,20,0.516882062
1999,34.76887131,20,0.433577031
2000,32.83740997,20,0.578107536
2001,28.76490402,20,0.556174695
2002,37.55738449,20,0.538058519
2003,24.93349075,20,0.560893238
2004,41.80335236,20,0.511451185
2005,36.13188553,20,0.433975697
2006,32.49681091,20,0.525970519
2007,38.54680634,20,0.515207171
2008,36.61225891,20,0.453194946
2009,39.71386337,20,0.471295595
2010,33.61102676,20,0.560077906
2011,20.70488739,20,0.354378104
2012,36.91184998,20,0.538488865
2013,40.10752869,20,0.522111297
2014,24.70908546,20,0.593045771
2015,39.43985748,20,0.500977635
2016,35.80178833,20,0.462934703
2017,33.74332809,20,0.510916293
2018,36.8122406,20,0.552068472
2019,34.66633224,20,0.490738064
2020,40.91366959,20,0.492298692
2021,38.44247818,20,0.527152359
2022,31.08616638,20,0.538794577
2023,40.64332962,20,0.50714463
2024,39.31466293,20,0.463633537
2025,30.73874855,20,0.551390648
2026,37.01619339,20,0.540118575
2027,32.10818481,20,0.594832599
2028,36.90348053,20,0.53856492
2029,37.21825409,20,0.448608249
2030,39.22412872,20,0.534175158
2031,32.43903351,20,0.47421214
2032,40.6370163,20,0.507202029
2033,37.84563446,20,0.515470564
2034,28.13992882,20,0.435129374
2035,29.43194771,20,0.405027062
2036,39.45134354,20,0.500873208
2037,28.22879791,20,0.466049761
2038,34.66662979,20,0.490740776
2039,33.82899857,20,0.401737988
2040,38.68783188,20,0.530019879
2041,33.1811409,20,0.467798591
2042,39.44550705,20,0.500926256
2043,40.53774261,20,0.505526185
2044,35.84341049,20,0.504984617
2045,32.42753983,20,0.474107653
2046,36.89928055,20,0.538603127
2047,40.36806107,20,0.461184025
2048,40.76092148,20,0.532230198
2049,37.01150513,20,0.540161192
2050,28.29315948,20,0.46663487
2051,20.96928787,20,0.596931458
2052,37.44836426,20,0.533290684
2053,30.74248505,20,0.551356673
2054,40.90394211,20,0.492210239
2055,34.77544403,20,0.433636814
2056,35.84678268,20,0.50495398
2057,44.40041733,20,0.499143869
2058,37.50330353,20,0.447166651
2059,40.92473602,20,0.492399275
2060,35.16756439,20,0.442960441
2061,36.34231949,20,0.461737692
2062,33.26324463,20,0.425648451
2063,34.65583801,20,0.490642667
2064,35.82112503,20,0.505187213
2065,37.00719452,20,0.540200412
2066,30.71117401,20,0.389452964
2067,36.1390686,20,0.451471537
2068,34.67538071,20,0.490820318
2069,32.21895981,20,0.524774194
2070,35.37778854,20,0.431876719
2071,37.47419739,20,0.533055842
2072,34.65819931,20,0.490664124
2073,34.93632507,20,0.548029721
2074,24.94735909,20,0.560767174
2075,36.33764648,20,0.461695224
2076,32.42821884,20,0.474113822
2077,35.56014633,20,0.550777078
2078,33.76531219,20,0.510716438
2079,37.50064087,20,0.447142422
2080,36.65969086,20,0.450766325
2081,41.19754028,20,0.504966199
2082,28.67514992,20,0.43627277
2083,38.44688797,20,0.464775383
2084,41.1992836,20,0.504950345
2085,40.13502884,20,0.521861315
2086,24.93022728,20,0.560922921
2087,38.56784821,20,0.444818437
2088,38.11930466,20,0.477892101
2089,36.98012924,20,0.555298686
2090,39.20344162,20,0.476751149
2091,37.5709343,20,0.537935317
2092,34.01429749,20,0.446684778
2093,36.84249878,20,0.551793396
2094,34.75500488,20,0.505441487
2095,34.84889221,20,0.496119946
2096,30.45988846,20,0.452497661
2097,38.4180603,20,0.527374327
2098,34.00361633,20,0.446587682
2099,38.69589996,20,0.529946566
2100,33.75276947,20,0.510830462
2101,26.33047867,20,0.418679833
2102,35.71870041,20,0.534806311
2103,34.86223602,20,0.496241271
2104,40.54226685,20,0.505485058
2105,40.36652756,20,0.461170077
2106,39.57826233,20,0.483057708
2107,32.41624069,20,0.5709396
2108,44.40896606,20,0.499066144
2109,32.44325638,20,0.474250525
2110,34.90127182,20,0.483436137
2111,42.84858322,20,0.501225591
2112,40.19778442,20,0.480692625
2113,31.05263519,20,0.539099395
2114,40.92480469,20,0.492399901
2115,42.84923935,20,0.50121963
2116,27.73810196,20,0.57866925
2117,36.90641785,20,0.538538218
2118,38.70122147,20,0.529898167
2119,39.32091522,20,0.4636904
2120,24.92646217,20,0.560957134
2121,26.95611954,20,0.411207497
2122,40.63814926,20,0.507191718
2123,37.55704117,20,0.538061619
2124,34.11299896,20,0.48943001
2125,31.76489067,20,0.42012471
2126,39.77611542,20,0.471861541
2127,40.21001434,20,0.480803818
2128,32.20638275,20,0.524888515
2129,40.21282959,20,0.480829388
2130,36.32920837,20,0.461618513
2131,36.61047363,20,0.453178734
2132,42.82965851,20,0.513423502
2133,40.64446259,20,0.507134318
2134,42.85271835,20,0.50118798
2135,28.25172234,20,0.466258168
2136,39.76161575,20,0.471729726
2137,41.82169342,20,0.486424714
2138,37.9054985,20,0.546162724
2139,31.41102409,20,0.451706618
2140,37.93986893,20,0.46784246
2141,40.13869095,20,0.521827996
2142,29.77156639,20,0.516910732
2143,35.74983597,20,0.440256715
2144,28.24731255,20,0.466218084
2145,34.97516632,20,0.547676623
2146,28.80408859,20,0.428007215
2147,30.6862278,20,0.458277553
2148,38.98151779,20,0.525111854
2149,31.3397789,20,0.502654254
2150,40.63742828,20,0.507198274
2151,41.19010925,20,0.505033731
2152,29.96430016,20,0.392758965
2153,29.79967499,20,0.402259111
2154,35.84021378,20,0.505013704
2155,43.05457687,20,0.496909261
2156,40.5957756,20,0.474556506
2157,29.91803932,20,0.48140651
2158,40.98435211,20,0.490081429
2159,36.63378906,20,0.453390688
2160,39.41714478,20,0.501184106
2161,33.84228897,20,0.401858807
2162,36.97056961,20,0.55538559
2163,37.01236725,20,0.540153384
2164,32.43894196,20,0.474211305
2165,26.24941635,20,0.548930287
2166,29.92590332,20,0.481478006
2167,40.21393585,20,0.480839461
2168,39.44404602,20,0.500939548
2169,40.60364151,20,0.474628031
2170,36.64122391,20,0.450598419
2171,40.99092865,20,0.490141213
2172,37.4681778,20,0.533110559
2173,40.52663803,20,0.505627155
2174,40.43483734,20,0.490523994
2175,37.94984818,20,0.467933178
2176,40.91678238,20,0.492326975
2177,38.81230927,20,0.458343178
2178,36.82064438,20,0.551992059
2179,30.11997223,20,0.543855906
2180,40.59757996,20,0.474572927
2181,33.92059708,20,0.568260372
2182,38.80090332,20,0.458239496
2183,40.92030334,20,0.492358983
2184,37.00167084,20,0.540250599
2185,42.88114166,20,0.500929594
2186,39.58102036,20,0.483082771
2187,29.80260658,20,0.516628563
2188,42.85905457,20,0.501130402
2189,35.83448792,20,0.505065739
2190,42.83575439,20,0.51336807
2191,40.16226578,20,0.500521183
2192,44.38592148,20,0.499275655
2193,37.48486328,20,0.446999013
2194,41.27544022,20,0.498486608
2195,40.12430191,20,0.521958828
2196,36.3523941,20,0.461829275
2197,39.31668854,20,0.463651955
2198,35.56789017,20,0.550706685
2199,44.3957901,20,0.49918595
2200,41.20033646,20,0.504940748
2201,34.7889061,20,0.433759183
2202,41.30661392,20,0.515243471
2203,32.19618988,20,0.524981201
2204,29.77924538,20,0.516840935
2205,40.53978729,20,0.505507588
2206,35.18080902,20,0.443080872
2207,39.59186172,20,0.483181357
2208,35.69410324,20,0.535029948
2209,38.53544617,20,0.515310466
2210,40.92493439,20,0.492401093
2211,35.83415985,20,0.505068719
2212,40.53957367,20,0.505509555
2213,40.91980743,20,0.492354482
2214,41.57810974,20,0.508742392
2215,35.83772659,20,0.505036294
2216,38.13340759,20,0.47802031
2217,38.55176926,20,0.515162051
2218,38.69176102,20,0.529984176
2219,40.37528229,20,0.46124965
2220,35.83979416,20,0.505017519
2221,38.54205322,20,0.515250385
2222,35.82395172,20,0.505161524
2223,40.18576431,20,0.50030756
2224,40.53649139,20,0.50553757
2225,32.43006134,20,0.474130601
2226,40.98771286,20,0.490111977
2227,35.84343719,20,0.504984379
2228,35.75121307,20,0.440269232
2229,37.50411606,20,0.447174042
2230,40.18976593,20,0.480619729
2231,39.43805313,20,0.500994027
2232,41.26478958,20,0.498389781
2233,37.58628464,20,0.537795782
2234,39.316185,20,0.463647395
2235,39.59840012,20,0.483240783
2236,36.813694,20,0.55205524
2237,36.65333557,20,0.450708538
2238,38.70259857,20,0.52988565
2239,38.55175781,20,0.51516217
2240,36.61066055,20,0.453180432
2241,40.31086731,20,0.525019228
2242,35.70444107,20,0.534935951
2243,24.9498558,20,0.560744464
2244,34.00471115,20,0.446597636
2245,40.9826889,20,0.49006629
2246,37.56626892,20,0.537977755
2247,40.99921417,20,0.490216523
2248,26.27185822,20,0.548726261
2249,29.41493416,20,0.404872388
2250,43.05313492,20,0.496896148
2251,40.98283386,20,0.490067631
2252,39.00735474,20,0.524876952
2253,31.05599976,20,0.539068818
2254,28.75740433,20,0.556242883
2255,40.98662186,20,0.490102053
2256,34.66498947,20,0.490725875
2257,40.10952377,20,0.522093177
2258,34.31715012,20,0.547547698
2259,31.39351463,20,0.451547444
2260,38.68559265,20,0.530040264
2261,37.45381165,20,0.533241153
2262,26.6937561,20,0.365605056
2263,38.45445251,20,0.464844137
2264,37.48151779,20,0.446968585
2265,34.78406525,20,0.433715165
2266,36.61075592,20,0.453181297
2267,33.67617416,20,0.43750003
2268,39.24585342,20,0.533977687
2269,40.98391342,20,0.490077436
2270,40.9806633,20,0.490047872
2271,38.44815826,20,0.464786917
2272,34.14738464,20,0.563299596
2273,28.77507973,20,0.556082189
2274,32.2298584,20,0.524675131
2275,38.69528961,20,0.529952109
2276,36.9021759,20,0.538576782
2277,40.15548706,20,0.500582814
2278,40.19815063,20,0.480695933
2279,40.59544754,20,0.474553525
2280,34.63623047,20,0.490464419
2281,40.53424835,20,0.505557954
2282,33.83508301,20,0.422849864
2283,35.82374191,20,0.505163431
2284,34.32859802,20,0.547443628
2285,41.81697845,20,0.511327326
2286,38.54598236,20,0.515214682
2287,40.72592926,20,0.532548308
2288,39.39714813,20,0.544628143
2289,40.72446823,20,0.5325616
2290,27.53335381,20,0.387767106
2291,37.50316238,20,0.44716534
2292,32.41340637,20,0.473979175
2293,33.76852036,20,0.510687292
2294,33.73851013,20,0.510960102
2295,42.86081696,20,0.501114368
2296,30.70261002,20,0.458426476
2297,37.87089539,20,0.515240908
2298,24.91880417,20,0.561026752
2299,31.32475281,20,0.502790868
2300,29.94805717,20,0.392611295
2301,36.1437912,20,0.451514482
2302,38.2863884,20,0.485521972
2303,40.16030502,20,0.500539005
2304,35.83909607,20,0.505023837
2305,26.26257515,20,0.548810661
2306,40.14783096,20,0.516747177
2307,40.11530685,20,0.522040606
2308,37.02116394,20,0.540073395
2309,36.13527679,20,0.451437056
2310,33.27858734,20,0.425787926
2311,32.4426918,20,0.474245399
2312,34.66033173,20,0.490683526
2313,41.29679871,20,0.515332699
2314,32.21945953,20,0.524769664
2315,42.83601379,20,0.501339853
2316,40.63716507,20,0.507200658
2317,40.62186813,20,0.507339716
2318,34.25523376,20,0.519422591
2319,40.13066101,20,0.521901011
2320,40.20424271,20,0.480751336
2321,31.7651329,20,0.420126915
2322,39.42136002,20,0.50114578
2323,41.29908752,20,0.515311897
2324,40.10250854,20,0.522156954
2325,38.54165268,20,0.515254021
2326,37.02075195,20,0.54007715
2327,32.12840652,20,0.538757384
2328,31.34869576,20,0.502573192
2329,36.99924469,20,0.540272653
2330,33.6388855,20,0.559824646
2331,28.76791954,20,0.556147277
2332,41.47225571,20,0.487280995
2333,24.9263649,20,0.560958028
2334,33.75747299,20,0.510787725
2335,38.55710602,20,0.515113533
2336,41.80192184,20,0.511464179
2337,44.37851334,20,0.499343008
2338,37.95422745,20,0.467972994
2339,31.06209755,20,0.539013386
2340,35.8584404,20,0.504848003
2341,40.54574966,20,0.505453408
2342,39.5750618,20,0.48302862
2343,39.40231323,20,0.544581175
2344,29.7660656,20,0.51696074
2345,40.92804718,20,0.492429405
2346,43.06189728,20,0.496975809
2347,37.87160492,20,0.51523447
2348,25.5170517,20,0.589422882
2349,36.66015625,20,0.450770557
2350,42.85054398,20,0.501207769
2351,30.70175934,20,0.458418757
2352,20.98428917,20,0.596795082
2353,41.8139267,20,0.511355042
2354,36.81266022,20,0.552064657
2355,38.79085541,20,0.458148152
2356,34.93767929,20,0.548017442
2357,37.4534111,20,0.533244789
2358,34.32265091,20,0.54749769
2359,39.5758667,20,0.483035922
2360,24.92841721,20,0.560939372
2361,33.74686432,20,0.510884166
2362,43.04244232,20,0.496798933
2363,37.8876915,20,0.546324611
2364,39.56484985,20,0.482935786
2365,34.23606491,20,0.519596875
2366,43.04642105,20,0.496835113
2367,33.7528801,20,0.510829449
2368,41.81595993,20,0.511336565
2369,34.75683594,20,0.505424857
2370,30.10020256,20,0.544035614
2371,41.19760895,20,0.504965544
2372,28.50102997,20,0.382355601
2373,39.58215714,20,0.483093113
2374,38.43578339,20,0.527213216
2375,36.66516113,20,0.450816035
2376,31.7645359,20,0.420121491
2377,38.80168533,20,0.458246589
2378,36.14781189,20,0.45155102
2379,42.82611084,20,0.513455749
2380,35.8511734,20,0.504914045
2381,35.4683876,20,0.580344141
2382,34.68296814,20,0.490889311
2383,40.1437645,20,0.516784132
2384,35.56987381,20,0.550688624
2385,38.81935501,20,0.458407253
2386,32.12872314,20,0.538754523
2387,39.45338058,20,0.500854671
2388,39.38384628,20,0.544749081
2389,42.85729599,20,0.501146376
2390,35.5002594,20,0.55899781
2391,35.62212753,20,0.562887669
2392,44.40155411,20,0.499133527
2393,35.84326935,20,0.504985929
2394,30.68346024,20,0.4582524
2395,39.2728157,20,0.474521995
2396,29.78766441,20,0.516764402
2397,38.55350876,20,0.515146255
2398,41.80571365,20,0.511429727
2399,39.578125,20,0.483056456
2400,40.72713089,20,0.532537401
2401,32.41875458,20,0.474027812
2402,29.81513596,20,0.516514659
2403,39.58137512,20,0.48308602
2404,35.76156616,20,0.440363377
2405,39.40309525,20,0.544574082
2406,31.37330627,20,0.451363742
2407,37.48755264,20,0.447023451
2408,39.5942955,20,0.483203471
2409,33.93482971,20,0.56813097
2410,39.32439423,20,0.46372202
2411,34.75551224,20,0.436315447
2412,32.8470459,20,0.578019917
2413,41.01295471,20,0.490341425
2414,34.65776062,20,0.490660131
2415,42.91522598,20,0.484340042
2416,39.59685135,20,0.483226717
2417,38.45235825,20,0.464825124
2418,32.97338867,20,0.475347668
2419,30.70939255,20,0.458488137
2420,37.5747261,20,0.537900865
2421,38.5656395,20,0.515035987
2422,42.8537178,20,0.50117892
2423,42.86095428,20,0.501113117
2424,39.27960968,20,0.474583775
2425,41.82678223,20,0.486470997
2426,41.32493591,20,0.515076935
2427,33.63202667,20,0.559886992
2428,36.90951538,20,0.538510084
2429,40.22071457,20,0.480901062
2430,37.94754791,20,0.467912257
2431,42.90161133,20,0.484216273
2432,37.51389694,20,0.447262943
2433,29.93491936,20,0.481559962
2434,36.34608078,20,0.461771905
2435,32.12432098,20,0.538794518
2436,36.34586716,20,0.461769968
2437,35.65826416,20,0.490317911
2438,35.37404633,20,0.431842715
2439,35.56865692,20,0.550699711
2440,32.13042068,20,0.538739085
2441,38.44898987,20,0.527093172
2442,34.66336823,20,0.490711123
2443,35.83081818,20,0.505099118
2444,37.81042862,20,0.466986507
2445,40.17571259,20,0.500398934
2446,31.04592896,20,0.539160371
2447,41.45539856,20,0.487127751
2448,30.6901226,20,0.458312958
2449,29.77950096,20,0.51683861
2450,36.97356415,20,0.55535835
2451,41.83145523,20,0.511195719
2452,39.1950264,20,0.476674646
2453,38.53714752,20,0.444539338
2454,41.82111359,20,0.511289716
2455,42.8449173,20,0.513284802
2456,24.06216812,20,0.428171307
2457,40.92302704,20,0.492383748
2458,38.15259933,20,0.478194803
2459,36.14788818,20,0.451551706
2460,38.81692123,20,0.45838511
2461,32.1414299,20,0.538639009
2462,37.46244812,20,0.533162653
2463,30.88191414,20,0.386972189
2464,29.40492249,20,0.404781371
2465,35.75011444,20,0.440259248
2466,40.19120789,20,0.480632842
2467,33.27507401,20,0.425756007
2468,32.22407913,20,0.524727643
2469,41.87342453,20,0.495925725
2470,40.99489212,20,0.490177244
2471,29.80604744,20,0.402317047
2472,41.26257324,20,0.49861604
2473,40.221241,20,0.480905861
2474,37.9486618,20,0.46792239
2475,33.1971817,20,0.467944413
2476,34.29553223,20,0.547744215
2477,39.38378525,20,0.544749618
2478,39.41391754,20,0.501213431
2479,32.50523758,20,0.525893927
2480,42.88254166,20,0.484042913
2481,33.77772522,20,0.510603607
2482,38.54529953,20,0.515220881
2483,27.536026,20,0.387791395
2484,40.15378571,20,0.516693056
2485,38.44705582,20,0.527110755
2486,44.38097,20,0.499320656
2487,33.64747238,20,0.559746563
2488,34.95147324,20,0.547892034
2489,40.54378128,20,0.505471289
2490,40.2034874,20,0.480744481
2491,34.32759476,20,0.547452748
2492,37.45307159,20,0.533247888
2493,41.31323242,20,0.51518333
2494,38.94592285,20,0.519676507
2495,40.14408875,20,0.521778941
2496,42.83171844,20,0.513404787
2497,40.20967484,20,0.480800718
2498,38.94356155,20,0.519697964
2499,40.9895134,20,0.490128338
2500,40.53893661,20,0.505515337
2501,37.96308517,20,0.46805349
2502,38.03461075,20,0.456029654
2503,39.78798294,20,0.471969396
2504,36.60830307,20,0.453158975
2505,37.00801086,20,0.540192962
2506,33.74565125,20,0.510895193
2507,44.38212204,20,0.499310195
2508,37.51611328,20,0.447283089
2509,40.54378128,20,0.505471289
2510,39.22732162,20,0.53414613
2511,40.16985321,20,0.516546965
2512,36.91296387,20,0.538478732
2513,41.27451324,20,0.4985075
2514,44.44572449,20,0.498732001
2515,35.18874359,20,0.443152994
2516,30.46614838,20,0.452554584
2517,30.70054626,20,0.45840773
2518,42.9017334,20,0.484217405
2519,34.95413971,20,0.547867775
2520,38.80498123,20,0.45827657
2521,41.46884918,20,0.48725
2522,36.82426453,20,0.551959157
2523,39.58872604,20,0.483152837
2524,38.9632988,20,0.519518554
2525,28.75641441,20,0.556251884
2526,40.59862518,20,0.474582434
2527,40.19122314,20,0.480632961
2528,40.45610046,20,0.490717292
2529,40.44545364,20,0.490620494
2530,33.76503754,20,0.510718942
2531,30.71370888,20,0.458527386
2532,40.90866852,20,0.492253214
2533,35.16913223,20,0.442974716
2534,38.72423553,20,0.534686685
2535,26.30953979,20,0.418489486
2536,38.98286057,20,0.525099635
2537,40.92780304,20,0.49242717
2538,32.50774002,20,0.525871158
2539,33.83969879,20,0.422891855
2540,40.52876663,20,0.505607784
2541,36.67069244,20,0.450866342
2542,40.99998856,20,0.490223557
2543,42.91287613,20,0.484318703
2544,34.97426987,20,0.547684789
2545,33.1620636,20,0.467625171
2546,28.71704292,20,0.436653614
2547,30.13300514,20,0.543737411
2548,41.80973053,20,0.511393189
2549,39.76621246,20,0.471771508
2550,34.21575546,20,0.416556329
2551,35.5967598,20,0.563118279
2552,35.65127563,20,0.490254372
2553,38.81229401,20,0.458343059
2554,39.44913483,20,0.500893295
2555,41.87429428,20,0.495933622
2556,40.54424667,20,0.505467057
2557,35.85161209,20,0.504910052
2558,39.31584167,20,0.463644266
2559,24.94463158,20,0.560791969
